tool,workload,error_mode,n_targets,len,k,err,indel_rate,repeats,reads_per_sec_mean,reads_per_sec_p50,reads_per_sec_p95,reads_per_sec_std,seconds_mean,verified_per_read_median,peak_rss_kb_max,mismatches_sum,reads_per_sec_cv
bk_tree,synthetic_barcode,exact,96,16,1,0.0,0.0,2,62759.950000000004,62759.950000000004,97185.085,54093.880892805246,0.0002535,18.6,1616,0,0.8619172082324037
bk_tree,synthetic_barcode,exact,96,24,1,0.0,0.0,2,76447.25,76447.25,79073.315,4126.463042970344,0.00013099999999999999,18.8,3888,0,0.05397791343665526
bk_tree,synthetic_barcode,exact,96,32,1,0.0,0.0,2,62827.65,62827.65,71500.185,13627.574019061502,0.000163,14.6,4448,0,0.21690408632284514
bk_tree,synthetic_barcode,exact,737,16,1,0.0,0.0,2,9147.15,9147.15,9959.984999999999,1277.2469788572603,0.001104,78.7,2016,0,0.13963332610236634
bk_tree,synthetic_barcode,exact,737,24,1,0.0,0.0,2,10254.400000000001,10254.400000000001,10702.87,704.7026181305141,0.0009775,62.9,4064,0,0.06872197477478097
bk_tree,synthetic_barcode,exact,737,32,1,0.0,0.0,2,7843.049999999999,7843.049999999999,8988.525,1799.9403115103557,0.0013095,51.1,4528,0,0.22949494284880956
bk_tree,synthetic_barcode,exact,4096,16,1,0.0,0.0,2,1442.65,1442.65,1670.215,357.5838992460372,0.0071515,250.5,3408,0,0.2478660099442257
bk_tree,synthetic_barcode,exact,4096,24,1,0.0,0.0,2,1256.2,1256.2,1660.12,634.6990467930451,0.009125000000000001,148.4,4208,0,0.505253181653435
bk_tree,synthetic_barcode,exact,4096,32,1,0.0,0.0,2,1333.5,1333.5,1355.1899999999998,34.08254685319146,0.0075014999999999995,108.9,4960,0,0.025558715300481035
bk_tree,synthetic_barcode,one_substitution,96,16,1,0.0,0.0,2,80915.55,80915.55,89909.74500000001,14133.013946253648,0.00012550000000000001,23.3,1648,0,0.17466375679648286
bk_tree,synthetic_barcode,one_substitution,96,16,1,0.005,0.0,2,98048.5,98048.5,108705.94,16746.55132019725,0.0001035,16.5,1664,0,0.17079864883396736
bk_tree,synthetic_barcode,one_substitution,96,16,1,0.01,0.0,2,92521.85,92521.85,100161.27500000001,12004.198270813424,0.00010899999999999999,19.2,1696,0,0.12974446869375636
bk_tree,synthetic_barcode,one_substitution,96,16,1,0.03,0.0,2,83104.4,83104.4,88667.56999999999,8741.678293096811,0.00012099999999999999,21.9,1728,0,0.10518911505403819
bk_tree,synthetic_barcode,one_substitution,96,24,1,0.0,0.0,2,73078.85,73078.85,89126.075,25215.781370502886,0.0001455,14.3,3968,0,0.34504896246318717
bk_tree,synthetic_barcode,one_substitution,96,24,1,0.005,0.0,2,67365.6,67365.6,83659.65000000001,25603.629439983706,0.00015999999999999999,17.5,3968,0,0.3800697899222111
bk_tree,synthetic_barcode,one_substitution,96,24,1,0.01,0.0,2,90976.75,90976.75,93209.78499999999,3508.8759802819964,0.00010999999999999999,14.4,3968,0,0.03856893085631215
bk_tree,synthetic_barcode,one_substitution,96,24,1,0.03,0.0,2,83426.04999999999,83426.04999999999,85928.81499999999,3932.715784925214,0.00012,17.2,3968,0,0.04714014129789454
bk_tree,synthetic_barcode,one_substitution,96,32,1,0.0,0.0,2,68754.4,68754.4,72568.87,5993.8613414058855,0.000146,15.4,4464,0,0.08717785831024467
bk_tree,synthetic_barcode,one_substitution,96,32,1,0.005,0.0,2,67877.45,67877.45,72005.16500000001,6486.078371789845,0.000148,15.3,4464,0,0.09555571654194206
bk_tree,synthetic_barcode,one_substitution,96,32,1,0.01,0.0,2,58527.25,58527.25,62814.715,6737.101279111067,0.000172,11.4,4464,0,0.11511050457882555
bk_tree,synthetic_barcode,one_substitution,96,32,1,0.03,0.0,2,66267.15,66267.15,70006.965,5876.552326407033,0.0001515,16.0,4464,0,0.08867972028987264
bk_tree,synthetic_barcode,one_substitution,737,16,1,0.0,0.0,2,8896.4,8896.4,9782.9,1393.0003589374987,0.0011380000000000001,84.5,2112,0,0.1565802300860459
bk_tree,synthetic_barcode,one_substitution,737,16,1,0.005,0.0,2,11220.7,11220.7,11673.039999999999,710.7837364487161,0.000893,67.7,2112,0,0.06334575707832096
bk_tree,synthetic_barcode,one_substitution,737,16,1,0.01,0.0,2,7871.7,7871.7,8486.039999999999,965.3421776758739,0.0012799999999999999,71.4,2112,0,0.12263452337816151
bk_tree,synthetic_barcode,one_substitution,737,16,1,0.03,0.0,2,9552.95,9552.95,10157.705,950.2808032366016,0.001052,78.4,2112,0,0.09947511535563376
bk_tree,synthetic_barcode,one_substitution,737,24,1,0.0,0.0,2,10591.95,10591.95,10884.495,459.69011844937546,0.0009450000000000001,64.9,4080,0,0.04339995170382936
bk_tree,synthetic_barcode,one_substitution,737,24,1,0.005,0.0,2,8980.55,8980.55,11079.035,3297.451052707227,0.001194,49.4,4080,0,0.367176960509905
bk_tree,synthetic_barcode,one_substitution,737,24,1,0.01,0.0,2,8123.0,8123.0,10458.59,3670.0256157144195,0.001371,64.7,4080,0,0.4518066743462292
bk_tree,synthetic_barcode,one_substitution,737,24,1,0.03,0.0,2,8500.5,8500.5,10729.26,3502.158465860732,0.0012855,58.6,4080,0,0.41199440807725807
bk_tree,synthetic_barcode,one_substitution,737,32,1,0.0,0.0,2,8573.599999999999,8573.599999999999,9084.08,802.1419325780186,0.0011714999999999998,49.3,4576,0,0.09355952372142609
bk_tree,synthetic_barcode,one_substitution,737,32,1,0.005,0.0,2,7966.6,7966.6,8789.56,1293.1568814339585,0.0012720000000000001,59.1,4576,0,0.16232230580598478
bk_tree,synthetic_barcode,one_substitution,737,32,1,0.01,0.0,2,8056.6,8056.6,9193.390000000001,1786.293150633457,0.0012725,43.5,4576,0,0.2217179890566066
bk_tree,synthetic_barcode,one_substitution,737,32,1,0.03,0.0,2,7428.5,7428.5,8887.669999999998,2292.864448675499,0.0014135,50.2,4576,0,0.3086577974928315
bk_tree,synthetic_barcode,one_substitution,4096,16,1,0.0,0.0,2,1518.0500000000002,1518.0500000000002,1854.065,527.9966335119951,0.0070115,238.5,3664,0,0.3478124129719015
bk_tree,synthetic_barcode,one_substitution,4096,16,1,0.005,0.0,2,1485.0,1485.0,1577.34,145.09831149947942,0.0067665,239.3,3664,0,0.09770930067305011
bk_tree,synthetic_barcode,one_substitution,4096,16,1,0.01,0.0,2,1650.6,1650.6,1781.73,206.05091603775978,0.006106,224.9,3664,0,0.12483394888995504
bk_tree,synthetic_barcode,one_substitution,4096,16,1,0.03,0.0,2,1499.2,1499.2,1943.4399999999998,698.0558143873598,0.007481,217.3,3808,0,0.4656188729905014
bk_tree,synthetic_barcode,one_substitution,4096,24,1,0.0,0.0,2,1331.5500000000002,1331.5500000000002,1680.615,548.5027301664051,0.0082065,159.0,4336,0,0.41192800132657803
bk_tree,synthetic_barcode,one_substitution,4096,24,1,0.005,0.0,2,1213.65,1213.65,1542.735,517.1071890817223,0.0090625,164.5,4368,0,0.4260760425837121
bk_tree,synthetic_barcode,one_substitution,4096,24,1,0.01,0.0,2,1325.2,1325.2,1623.1,468.10468914549443,0.008048,159.6,4400,0,0.3532332396208077
bk_tree,synthetic_barcode,one_substitution,4096,24,1,0.03,0.0,2,1496.6999999999998,1496.6999999999998,1755.36,406.4449778260274,0.0069370000000000005,154.4,4400,0,0.27156075220553716
bk_tree,synthetic_barcode,one_substitution,4096,32,1,0.0,0.0,2,1338.8,1338.8,1356.35,27.577164466275352,0.007471,124.2,5104,0,0.020598419828410035
bk_tree,synthetic_barcode,one_substitution,4096,32,1,0.005,0.0,2,1296.05,1296.05,1331.375,55.50788232314398,0.007723000000000001,114.9,5104,0,0.04282850377928628
bk_tree,synthetic_barcode,one_substitution,4096,32,1,0.01,0.0,2,1365.75,1365.75,1369.9350000000002,6.57609306503502,0.007322,116.0,5120,0,0.004815004989957914
bk_tree,synthetic_barcode,one_substitution,4096,32,1,0.03,0.0,2,1212.35,1212.35,1223.4650000000001,17.465537495307835,0.008249,124.9,5120,0,0.014406349235210818
dotmatch_indexed,synthetic_barcode,exact,96,16,0,0.0,0.0,2,4166669.3,4166669.3,4916665.399999999,1178505.173718809,2.4999999999999998e-06,1.0,1472,0,0.2828410629369624
dotmatch_indexed,synthetic_barcode,exact,96,16,1,0.0,0.0,2,100399.6,100399.6,108941.05,13421.593813701858,0.0001005,1.0,1616,0,0.13368174588048018
dotmatch_indexed,synthetic_barcode,exact,96,24,0,0.0,0.0,2,3333324.1,3333324.1,3333324.1,0.0,3e-06,1.0,3824,0,0.0
dotmatch_indexed,synthetic_barcode,exact,96,24,1,0.0,0.0,2,63122.25,63122.25,64376.715,1971.2015739137366,0.0001585,1.0,3888,0,0.03122831606784829
dotmatch_indexed,synthetic_barcode,exact,96,32,0,0.0,0.0,2,2666663.15,2666663.15,3266658.005,942800.9569945318,4.000000000000001e-06,1.0,4400,0,0.35355082511810004
dotmatch_indexed,synthetic_barcode,exact,96,32,1,0.0,0.0,2,135257.8,135257.8,145878.69999999998,16689.13424956488,7.45e-05,1.0,4448,0,0.12338759206171386
dotmatch_indexed,synthetic_barcode,exact,737,16,0,0.0,0.0,2,4166669.3,4166669.3,4916665.399999999,1178505.173718809,2.4999999999999998e-06,1.0,1840,0,0.2828410629369624
dotmatch_indexed,synthetic_barcode,exact,737,16,1,0.0,0.0,2,87746.29999999999,87746.29999999999,89131.76,2177.04035791715,0.000114,1.0,1936,0,0.024810622874322338
dotmatch_indexed,synthetic_barcode,exact,737,24,0,0.0,0.0,2,2666671.25,2666671.25,3266673.3949999996,942812.412124387,4.000000000000001e-06,1.0,4016,0,0.353554046875627
dotmatch_indexed,synthetic_barcode,exact,737,24,1,0.0,0.0,2,60086.6,60086.6,61223.39,1786.2931506334544,0.0001665,1.0,4064,0,0.02972864416747585
dotmatch_indexed,synthetic_barcode,exact,737,32,0,0.0,0.0,2,2916669.75,2916669.75,3291673.2449999996,589261.1428514565,3.5e-06,1.0,4528,0,0.20203217825791095
dotmatch_indexed,synthetic_barcode,exact,737,32,1,0.0,0.0,2,120490.6,120490.6,128932.15000000001,13264.616108278446,8.35e-05,1.0,4528,0,0.11008838953643225
dotmatch_indexed,synthetic_barcode,exact,4096,16,0,0.0,0.0,2,2666668.3499999996,2666668.3499999996,3266673.105,942816.5133437177,4.000000000000001e-06,1.0,2576,0,0.35355596932168853
dotmatch_indexed,synthetic_barcode,exact,4096,16,1,0.0,0.0,2,36357.6,36357.6,55359.93,29859.28089187682,0.000415,1.0,3104,0,0.8212665547747052
dotmatch_indexed,synthetic_barcode,exact,4096,24,0,0.0,0.0,2,2666663.15,2666663.15,3266658.005,942800.9569945318,4.000000000000001e-06,1.0,4080,0,0.35355082511810004
dotmatch_indexed,synthetic_barcode,exact,4096,24,1,0.0,0.0,2,31952.15,31952.15,33600.635,2590.3442715206816,0.000314,1.0,4176,0,0.08106948269586496
dotmatch_indexed,synthetic_barcode,exact,4096,32,0,0.0,0.0,2,2083332.6500000001,2083332.6500000001,2458332.545,589255.4859972073,4.9999999999999996e-06,1.0,4720,0,0.28284272605107363
dotmatch_indexed,synthetic_barcode,exact,4096,32,1,0.0,0.0,2,71975.95,71975.95,73374.055,2196.91005846848,0.00013900000000000002,1.0,4912,0,0.030522835175756352
dotmatch_indexed,synthetic_barcode,one_substitution,96,16,0,0.0,0.0,2,4999998.3,4999998.3,4999998.3,0.0,2e-06,0.0,1488,0,0.0
dotmatch_indexed,synthetic_barcode,one_substitution,96,16,0,0.005,0.0,2,4999998.3,4999998.3,4999998.3,0.0,2e-06,0.0,1488,0,0.0
dotmatch_indexed,synthetic_barcode,one_substitution,96,16,0,0.01,0.0,2,4999998.3,4999998.3,4999998.3,0.0,2e-06,0.0,1504,0,0.0
dotmatch_indexed,synthetic_barcode,one_substitution,96,16,0,0.03,0.0,2,7500033.85,7500033.85,9750065.845,3535584.1812248807,1.5e-06,0.0,1552,0,0.4714090965369284
dotmatch_indexed,synthetic_barcode,one_substitution,96,16,1,0.0,0.0,2,71892.4,71892.4,75371.08,5466.218261284498,0.0001395,1.0,1632,0,0.07603332565451283
dotmatch_indexed,synthetic_barcode,one_substitution,96,16,1,0.005,0.0,2,50741.3,50741.3,84720.17,53392.643097902546,0.0004415,1.0,1664,0,1.0522521712668487
dotmatch_indexed,synthetic_barcode,one_substitution,96,16,1,0.01,0.0,2,97749.35,97749.35,101611.655,6069.02679224602,0.0001025,1.0,1664,0,0.06208764347022276
dotmatch_indexed,synthetic_barcode,one_substitution,96,16,1,0.03,0.0,2,96189.25,96189.25,102402.445,9763.094038520785,0.00010449999999999999,1.0,1728,0,0.10149880614019534
dotmatch_indexed,synthetic_barcode,one_substitution,96,24,0,0.0,0.0,2,4999998.3,4999998.3,4999998.3,0.0,2e-06,0.0,3840,0,0.0
dotmatch_indexed,synthetic_barcode,one_substitution,96,24,0,0.005,0.0,2,4999998.3,4999998.3,4999998.3,0.0,2e-06,0.0,3856,0,0.0
dotmatch_indexed,synthetic_barcode,one_substitution,96,24,0,0.01,0.0,2,3333332.2,3333332.2,3333339.4899999998,11.455129855189142,3e-06,0.0,3856,0,3.436540124980385e-06
dotmatch_indexed,synthetic_barcode,one_substitution,96,24,0,0.03,0.0,2,4166669.3,4166669.3,4916665.399999999,1178505.173718809,2.4999999999999998e-06,0.0,3856,0,0.2828410629369624
dotmatch_indexed,synthetic_barcode,one_substitution,96,24,1,0.0,0.0,2,61991.399999999994,61991.399999999994,63891.479999999996,2985.6876728820816,0.0001615,1.0,3968,0,0.048162933453383565
dotmatch_indexed,synthetic_barcode,one_substitution,96,24,1,0.005,0.0,2,57539.7,57539.7,59325.39,2805.9411291044585,0.000174,1.0,3968,0,0.04876530689427402
dotmatch_indexed,synthetic_barcode,one_substitution,96,24,1,0.01,0.0,2,52566.05,52566.05,62218.595,15167.511167129565,0.0001985,1.0,3968,0,0.2885419613444336
dotmatch_indexed,synthetic_barcode,one_substitution,96,24,1,0.03,0.0,2,54311.7,54311.7,61331.79,11031.00720786638,0.00018800000000000002,1.0,3968,0,0.20310554093991498
dotmatch_indexed,synthetic_barcode,one_substitution,96,32,0,0.0,0.0,2,2916669.75,2916669.75,3291673.2449999996,589261.1428514565,3.5e-06,0.0,4416,0,0.20203217825791095
dotmatch_indexed,synthetic_barcode,one_substitution,96,32,0,0.005,0.0,2,1278901.35,1278901.35,2377889.415,1726893.1404546273,8.85e-05,0.0,4416,0,1.3502942509636315
dotmatch_indexed,synthetic_barcode,one_substitution,96,32,0,0.01,0.0,2,4166661.2,4166661.2,4916664.59,1178516.6288486638,2.4999999999999998e-06,0.0,4416,0,0.28284436201548224
dotmatch_indexed,synthetic_barcode,one_substitution,96,32,0,0.03,0.0,2,2916661.6500000004,2916661.6500000004,3291657.855,589249.6877216017,3.5e-06,0.0,4416,0,0.20202881185124835
dotmatch_indexed,synthetic_barcode,one_substitution,96,32,1,0.0,0.0,2,135602.45,135602.45,147888.575,19305.782893345728,7.45e-05,1.0,4464,0,0.14237045785932131
dotmatch_indexed,synthetic_barcode,one_substitution,96,32,1,0.005,0.0,2,136733.15,136733.15,150036.905,20904.834168320973,7.400000000000001e-05,1.0,4464,0,0.15288782689728844
dotmatch_indexed,synthetic_barcode,one_substitution,96,32,1,0.01,0.0,2,135257.8,135257.8,145878.69999999998,16689.13424956488,7.45e-05,1.0,4464,0,0.12338759206171386
dotmatch_indexed,synthetic_barcode,one_substitution,96,32,1,0.03,0.0,2,117777.2,117777.2,144130.63999999998,41410.43584798401,9.05e-05,1.0,4464,0,0.35159976504776824
dotmatch_indexed,synthetic_barcode,one_substitution,737,16,0,0.0,0.0,2,4999998.3,4999998.3,4999998.3,0.0,2e-06,0.0,1936,0,0.0
dotmatch_indexed,synthetic_barcode,one_substitution,737,16,0,0.005,0.0,2,4999998.3,4999998.3,4999998.3,0.0,2e-06,0.0,1936,0,0.0
dotmatch_indexed,synthetic_barcode,one_substitution,737,16,0,0.01,0.0,2,2553762.6,2553762.6,4755374.7299999995,3459499.703701242,4.7499999999999996e-05,0.0,1936,0,1.354667698438861
dotmatch_indexed,synthetic_barcode,one_substitution,737,16,0,0.03,0.0,2,4166669.3,4166669.3,4916665.399999999,1178505.173718809,2.4999999999999998e-06,0.0,1936,0,0.2828410629369624
dotmatch_indexed,synthetic_barcode,one_substitution,737,16,1,0.0,0.0,2,56679.55,56679.55,81298.195,38684.46849583177,0.00023,1.0,2096,0,0.6825119200105111
dotmatch_indexed,synthetic_barcode,one_substitution,737,16,1,0.005,0.0,2,86264.6,86264.6,88272.5,3155.110457654375,0.000116,1.0,2112,0,0.036574799600929866
dotmatch_indexed,synthetic_barcode,one_substitution,737,16,1,0.01,0.0,2,85181.95000000001,85181.95000000001,87465.565,3588.3547824873654,0.00011750000000000001,1.0,2112,0,0.0421257647011763
dotmatch_indexed,synthetic_barcode,one_substitution,737,16,1,0.03,0.0,2,72774.45,72774.45,74441.655,2619.7599136180356,0.0001375,1.0,2112,0,0.035998347134441215
dotmatch_indexed,synthetic_barcode,one_substitution,737,24,0,0.0,0.0,2,4999998.3,4999998.3,4999998.3,0.0,2e-06,0.0,4048,0,0.0
dotmatch_indexed,synthetic_barcode,one_substitution,737,24,0,0.005,0.0,2,4166669.3,4166669.3,4916665.399999999,1178505.173718809,2.4999999999999998e-06,0.0,4064,0,0.2828410629369624
dotmatch_indexed,synthetic_barcode,one_substitution,737,24,0,0.01,0.0,2,3333332.2,3333332.2,3333339.4899999998,11.455129855189142,3e-06,0.0,4064,0,3.436540124980385e-06
dotmatch_indexed,synthetic_barcode,one_substitution,737,24,0,0.03,0.0,2,2666671.25,2666671.25,3266673.3949999996,942812.412124387,4.000000000000001e-06,0.0,4064,0,0.353554046875627
dotmatch_indexed,synthetic_barcode,one_substitution,737,24,1,0.0,0.0,2,58764.75,58764.75,61091.204999999994,3655.671348056328,0.0001705,1.0,4080,0,0.06220857483536181
dotmatch_indexed,synthetic_barcode,one_substitution,737,24,1,0.005,0.0,2,58663.65,58663.65,59437.785,1216.4357956752199,0.0001705,1.0,4080,0,0.020735767305225975
dotmatch_indexed,synthetic_barcode,one_substitution,737,24,1,0.01,0.0,2,46826.75,46826.75,58254.095,17956.340312129312,0.00023050000000000002,1.0,4080,0,0.38346330488725594
dotmatch_indexed,synthetic_barcode,one_substitution,737,24,1,0.03,0.0,2,48469.850000000006,48469.850000000006,60402.545,18750.4212274018,0.000223,1.0,4080,0,0.38684710654977883
dotmatch_indexed,synthetic_barcode,one_substitution,737,32,0,0.0,0.0,2,3333340.3,3333340.3,3333340.3,0.0,3e-06,0.0,4528,0,0.0
dotmatch_indexed,synthetic_barcode,one_substitution,737,32,0,0.005,0.0,2,2916669.75,2916669.75,3291673.2449999996,589261.1428514565,3.5e-06,0.0,4528,0,0.20203217825791095
dotmatch_indexed,synthetic_barcode,one_substitution,737,32,0,0.01,0.0,2,2500003.7,2500003.7,2500007.75,6.363961030678928,4e-06,0.0,4528,0,2.5455806448122164e-06
dotmatch_indexed,synthetic_barcode,one_substitution,737,32,0,0.03,0.0,2,2916661.6500000004,2916661.6500000004,3291657.855,589249.6877216017,3.5e-06,0.0,4528,0,0.20202881185124835
dotmatch_indexed,synthetic_barcode,one_substitution,737,32,1,0.0,0.0,2,130067.55,130067.55,134628.345,7166.5979380037825,7.7e-05,1.0,4576,0,0.055099046134134015
dotmatch_indexed,synthetic_barcode,one_substitution,737,32,1,0.005,0.0,2,130420.04999999999,130420.04999999999,138042.01499999998,11976.762527703379,7.7e-05,1.0,4576,0,0.0918322184948049
dotmatch_indexed,synthetic_barcode,one_substitution,737,32,1,0.01,0.0,2,105257.65,105257.65,127408.85500000001,34807.26059322969,0.0001005,1.0,4576,0,0.33068627879522
dotmatch_indexed,synthetic_barcode,one_substitution,737,32,1,0.03,0.0,2,122974.95000000001,122974.95000000001,140868.885,28117.606179136237,8.35e-05,1.0,4576,0,0.2286449897246247
dotmatch_indexed,synthetic_barcode,one_substitution,4096,16,0,0.0,0.0,2,3333340.3,3333340.3,3333340.3,0.0,3e-06,0.0,2880,0,0.0
dotmatch_indexed,synthetic_barcode,one_substitution,4096,16,0,0.005,0.0,2,4166669.3,4166669.3,4916665.399999999,1178505.173718809,2.4999999999999998e-06,0.0,2960,0,0.2828410629369624
dotmatch_indexed,synthetic_barcode,one_substitution,4096,16,0,0.01,0.0,2,2250000.7,2250000.7,2474999.35,353551.2692729303,4.5e-06,0.0,3040,0,0.15713384856854945
dotmatch_indexed,synthetic_barcode,one_substitution,4096,16,0,0.03,0.0,2,3749998.75,3749998.75,4874998.345,1767766.3165702655,3e-06,0.0,3072,0,0.4714045082202402
dotmatch_indexed,synthetic_barcode,one_substitution,4096,16,1,0.0,0.0,2,64916.600000000006,64916.600000000006,75722.45000000001,16979.75513663257,0.0001595,1.0,3664,0,0.2615626070470815
dotmatch_indexed,synthetic_barcode,one_substitution,4096,16,1,0.005,0.0,2,62537.899999999994,62537.899999999994,72430.25,15544.328370823867,0.000165,1.0,3664,0,0.24855852804177736
dotmatch_indexed,synthetic_barcode,one_substitution,4096,16,1,0.01,0.0,2,57233.9,57233.9,61624.01,6898.392335899723,0.000176,1.0,3664,0,0.12052983172385112
dotmatch_indexed,synthetic_barcode,one_substitution,4096,16,1,0.03,0.0,2,72650.7,72650.7,75967.37999999999,5211.659820057326,0.000138,1.0,3664,0,0.0717358514103419
dotmatch_indexed,synthetic_barcode,one_substitution,4096,24,0,0.0,0.0,2,2666668.3499999996,2666668.3499999996,3266673.105,942816.5133437177,4.000000000000001e-06,0.0,4176,0,0.35355596932168853
dotmatch_indexed,synthetic_barcode,one_substitution,4096,24,0,0.005,0.0,2,2666671.25,2666671.25,3266673.3949999996,942812.412124387,4.000000000000001e-06,0.0,4176,0,0.353554046875627
dotmatch_indexed,synthetic_barcode,one_substitution,4096,24,0,0.01,0.0,2,2666663.15,2666663.15,3266658.005,942800.9569945318,4.000000000000001e-06,0.0,4176,0,0.35355082511810004
dotmatch_indexed,synthetic_barcode,one_substitution,4096,24,0,0.03,0.0,2,3499997.3499999996,3499997.3499999996,4849998.205,2121321.6870625266,3.5000000000000004e-06,0.0,4176,0,0.6060923694878017
dotmatch_indexed,synthetic_barcode,one_substitution,4096,24,1,0.0,0.0,2,39749.7,39749.7,52623.659999999996,20229.476481609698,0.000289,1.0,4320,0,0.5089214882529856
dotmatch_indexed,synthetic_barcode,one_substitution,4096,24,1,0.005,0.0,2,44535.25,44535.25,55301.005,16916.751922428844,0.00024199999999999997,1.0,4336,0,0.3798508355163347
dotmatch_indexed,synthetic_barcode,one_substitution,4096,24,1,0.01,0.0,2,41742.45,41742.45,55310.62499999999,21320.330112946183,0.00027550000000000003,1.0,4368,0,0.5107589543245828
dotmatch_indexed,synthetic_barcode,one_substitution,4096,24,1,0.03,0.0,2,45993.05,45993.05,56027.915,15768.269088425659,0.00023099999999999998,1.0,4400,0,0.3428402571350597
dotmatch_indexed,synthetic_barcode,one_substitution,4096,32,0,0.0,0.0,2,2499999.2,2499999.2,2499999.2,0.0,4e-06,0.0,4912,0,0.0
dotmatch_indexed,synthetic_barcode,one_substitution,4096,32,0,0.005,0.0,2,1833331.25,1833331.25,1983329.885,235700.11550494612,5.5e-06,0.0,4912,0,0.12856384546161317
dotmatch_indexed,synthetic_barcode,one_substitution,4096,32,0,0.01,0.0,2,1666666.1,1666666.1,1666666.1,0.0,6e-06,0.0,4912,0,0.0
dotmatch_indexed,synthetic_barcode,one_substitution,4096,32,0,0.03,0.0,2,1833336.15,1833336.15,1983335.595,235701.3882971522,5.5e-06,0.0,4912,0,0.12856419609527267
dotmatch_indexed,synthetic_barcode,one_substitution,4096,32,1,0.0,0.0,2,107028.4,107028.4,109603.93000000001,4047.0549514430872,9.35e-05,1.0,5104,0,0.037812907148411894
dotmatch_indexed,synthetic_barcode,one_substitution,4096,32,1,0.005,0.0,2,111124.85,111124.85,112236.125,1746.200196140179,8.999999999999999e-05,1.0,5104,0,0.01571385874662759
dotmatch_indexed,synthetic_barcode,one_substitution,4096,32,1,0.01,0.0,2,88745.75,88745.75,92986.685,6663.986437936372,0.00011300000000000001,1.0,5104,0,0.07509076702756326
dotmatch_indexed,synthetic_barcode,one_substitution,4096,32,1,0.03,0.0,2,94925.65,94925.65,109492.55500000001,22889.68290311162,0.00010850000000000001,1.0,5120,0,0.24113274866289167
dotmatch_scan,synthetic_barcode,exact,96,16,0,0.0,0.0,2,1999996.4,1999996.4,1999996.4,0.0,5e-06,96.0,1472,0,0.0
dotmatch_scan,synthetic_barcode,exact,96,16,1,0.0,0.0,2,80992.85,80992.85,99008.375,28308.66643141284,0.0001315,96.0,1616,0,0.34952056177073454
dotmatch_scan,synthetic_barcode,exact,96,24,0,0.0,0.0,2,2250005.2,2250005.2,2475007.9000000004,353557.6332339611,4.5e-06,96.0,3824,0,0.15713636272216663
dotmatch_scan,synthetic_barcode,exact,96,24,1,0.0,0.0,2,84353.75,84353.75,100272.095,25013.265988371055,0.00012399999999999998,96.0,3888,0,0.29652820400244273
dotmatch_scan,synthetic_barcode,exact,96,32,0,0.0,0.0,2,2666671.25,2666671.25,3266673.3949999996,942812.412124387,4.000000000000001e-06,96.0,4400,0,0.353554046875627
dotmatch_scan,synthetic_barcode,exact,96,32,1,0.0,0.0,2,89186.6,89186.6,93824.3,7287.442486908559,0.0001125,96.0,4448,0,0.0817100605573994
dotmatch_scan,synthetic_barcode,exact,737,16,0,0.0,0.0,2,298245.65,298245.65,329824.625,49621.57192315657,3.4e-05,737.0,1840,0,0.16637819167909595
dotmatch_scan,synthetic_barcode,exact,737,16,1,0.0,0.0,2,10816.05,10816.05,12634.905,2858.054898877907,0.000958,737.0,1936,0,0.26424201985733303
dotmatch_scan,synthetic_barcode,exact,737,24,0,0.0,0.0,2,330284.45,330284.45,408028.295,122162.66665559083,3.2500000000000004e-05,737.0,4016,0,0.3698710812924763
dotmatch_scan,synthetic_barcode,exact,737,24,1,0.0,0.0,2,11497.75,11497.75,14326.945,4445.651043997942,0.00094,737.0,4064,0,0.38665400134791084
dotmatch_scan,synthetic_barcode,exact,737,32,0,0.0,0.0,2,393518.4,393518.4,414351.69,32736.35696316867,2.55e-05,737.0,4528,0,0.08318888510211636
dotmatch_scan,synthetic_barcode,exact,737,32,1,0.0,0.0,2,12507.349999999999,12507.349999999999,14427.904999999999,3017.8610314260654,0.0008235,737.0,4528,0,0.2412870057547015
dotmatch_scan,synthetic_barcode,exact,4096,16,0,0.0,0.0,2,45248.4,45248.4,47178.9,3033.488091290289,0.00022150000000000002,4096.0,2576,0,0.06704078136001028
dotmatch_scan,synthetic_barcode,exact,4096,16,1,0.0,0.0,2,1815.5,1815.5,2108.36,460.1850931962053,0.005691,4096.0,3104,0,0.25347567788279
dotmatch_scan,synthetic_barcode,exact,4096,24,0,0.0,0.0,2,60002.0,60002.0,74702.51,23099.622906445897,0.00018,4096.0,4080,0,0.38498088241135126
dotmatch_scan,synthetic_barcode,exact,4096,24,1,0.0,0.0,2,1999.0,1999.0,2550.3399999999997,866.347228309758,0.005521,4096.0,4176,0,0.43339030930953376
dotmatch_scan,synthetic_barcode,exact,4096,32,0,0.0,0.0,2,55745.350000000006,55745.350000000006,57003.145000000004,1976.4341640945204,0.0001795,4096.0,4720,0,0.03545469109252198
dotmatch_scan,synthetic_barcode,exact,4096,32,1,0.0,0.0,2,2016.45,2016.45,2059.245,67.2458548908406,0.004962,4096.0,4912,0,0.03334863492317717
dotmatch_scan,synthetic_barcode,one_substitution,96,16,0,0.0,0.0,2,2083332.6500000001,2083332.6500000001,2458332.545,589255.4859972073,4.9999999999999996e-06,96.0,1488,0,0.28284272605107363
dotmatch_scan,synthetic_barcode,one_substitution,96,16,0,0.005,0.0,2,2249997.8,2249997.8,2474999.06,353555.3704922614,4.5e-06,96.0,1488,0,0.15713587386274844
dotmatch_scan,synthetic_barcode,one_substitution,96,16,0,0.01,0.0,2,2250000.7,2250000.7,2474999.35,353551.2692729303,4.5e-06,96.0,1504,0,0.15713384856854945
dotmatch_scan,synthetic_barcode,one_substitution,96,16,0,0.03,0.0,2,2083332.6500000001,2083332.6500000001,2458332.545,589255.4859972073,4.9999999999999996e-06,96.0,1552,0,0.28284272605107363
dotmatch_scan,synthetic_barcode,one_substitution,96,16,1,0.0,0.0,2,72891.45,72891.45,87646.275,23184.970694935113,0.0001445,96.0,1632,0,0.318075311918409
dotmatch_scan,synthetic_barcode,one_substitution,96,16,1,0.005,0.0,2,85676.05,85676.05,108567.595,35970.592669637794,0.000128,96.0,1664,0,0.419844199979315
dotmatch_scan,synthetic_barcode,one_substitution,96,16,1,0.01,0.0,2,90602.0,90602.0,111332.95999999999,32575.56088112681,0.000118,96.0,1664,0,0.3595457151180637
dotmatch_scan,synthetic_barcode,one_substitution,96,16,1,0.03,0.0,2,88057.65,88057.65,107706.85500000001,30875.74688983249,0.00012100000000000001,96.0,1728,0,0.35063105692500873
dotmatch_scan,synthetic_barcode,one_substitution,96,24,0,0.0,0.0,2,2250005.2,2250005.2,2475007.9000000004,353557.6332339611,4.5e-06,96.0,3840,0,0.15713636272216663
dotmatch_scan,synthetic_barcode,one_substitution,96,24,0,0.005,0.0,2,2666660.25,2666660.25,3266657.715,942805.0582138628,4.000000000000001e-06,96.0,3856,0,0.3535527475664974
dotmatch_scan,synthetic_barcode,one_substitution,96,24,0,0.01,0.0,2,2916674.25,2916674.25,3291673.695,589254.7788904259,3.5e-06,96.0,3856,0,0.20202968462810886
dotmatch_scan,synthetic_barcode,one_substitution,96,24,0,0.03,0.0,2,2666663.15,2666663.15,3266658.005,942800.9569945318,4.000000000000001e-06,96.0,3856,0,0.35355082511810004
dotmatch_scan,synthetic_barcode,one_substitution,96,24,1,0.0,0.0,2,89687.85,89687.85,104713.485,23610.507555853186,0.00011549999999999999,96.0,3968,0,0.2632520185939699
dotmatch_scan,synthetic_barcode,one_substitution,96,24,1,0.005,0.0,2,72463.75,72463.75,105072.41500000001,51239.57365986762,0.000184,96.0,3968,0,0.7071062932827465
dotmatch_scan,synthetic_barcode,one_substitution,96,24,1,0.01,0.0,2,88345.9,88345.9,103571.47,23924.675098734348,0.0001175,96.0,3968,0,0.27080685236931595
dotmatch_scan,synthetic_barcode,one_substitution,96,24,1,0.03,0.0,2,89224.45,89224.45,105696.655,25883.57301465545,0.000117,96.0,3968,0,0.29009506939695845
dotmatch_scan,synthetic_barcode,one_substitution,96,32,0,0.0,0.0,2,2499999.2,2499999.2,2499999.2,0.0,4e-06,96.0,4416,0,0.0
dotmatch_scan,synthetic_barcode,one_substitution,96,32,0,0.005,0.0,2,2250000.7,2250000.7,2474999.35,353551.26927293045,4.5e-06,96.0,4416,0,0.15713384856854953
dotmatch_scan,synthetic_barcode,one_substitution,96,32,0,0.01,0.0,2,2666668.3499999996,2666668.3499999996,3266673.105,942816.5133437177,4.000000000000001e-06,96.0,4416,0,0.35355596932168853
dotmatch_scan,synthetic_barcode,one_substitution,96,32,0,0.03,0.0,2,2499999.2,2499999.2,2499999.2,0.0,4e-06,96.0,4416,0,0.0
dotmatch_scan,synthetic_barcode,one_substitution,96,32,1,0.0,0.0,2,95959.6,95959.6,100505.05,7142.485596765317,0.00010449999999999999,96.0,4464,0,0.07443221519019792
dotmatch_scan,synthetic_barcode,one_substitution,96,32,1,0.005,0.0,2,95454.55,95454.55,99545.455,6428.237037088781,0.000105,96.0,4464,0,0.06734343241981426
dotmatch_scan,synthetic_barcode,one_substitution,96,32,1,0.01,0.0,2,96591.45000000001,96591.45000000001,102442.66500000001,9194.297343734324,0.00010400000000000001,96.0,4464,0,0.09518748650873678
dotmatch_scan,synthetic_barcode,one_substitution,96,32,1,0.03,0.0,2,96065.45000000001,96065.45000000001,101443.265,8450.421009926076,0.00010449999999999999,96.0,4464,0,0.08796524671384015
dotmatch_scan,synthetic_barcode,one_substitution,737,16,0,0.0,0.0,2,298245.65,298245.65,329824.625,49621.57192315657,3.4e-05,737.0,1936,0,0.16637819167909595
dotmatch_scan,synthetic_barcode,one_substitution,737,16,0,0.005,0.0,2,298245.65,298245.65,329824.625,49621.57192315657,3.4e-05,737.0,1936,0,0.16637819167909595
dotmatch_scan,synthetic_barcode,one_substitution,737,16,0,0.01,0.0,2,287828.9,287828.9,310032.80000000005,34890.06279730663,3.5e-05,737.0,1936,0,0.12121806669624428
dotmatch_scan,synthetic_barcode,one_substitution,737,16,0,0.03,0.0,2,292869.19999999995,292869.19999999995,319609.45999999996,42018.264837091985,3.45e-05,737.0,1936,0,0.14347109507279016
dotmatch_scan,synthetic_barcode,one_substitution,737,16,1,0.0,0.0,2,8153.35,8153.35,8302.885,234.97158338828956,0.001227,737.0,2096,0,0.028819023271206258
dotmatch_scan,synthetic_barcode,one_substitution,737,16,1,0.005,0.0,2,10421.35,10421.35,11807.665,2178.3838608013975,0.000981,737.0,2112,0,0.20903087035762136
dotmatch_scan,synthetic_barcode,one_substitution,737,16,1,0.01,0.0,2,10255.65,10255.65,12233.535,3107.9464353492317,0.001022,737.0,2112,0,0.3030472408232761
dotmatch_scan,synthetic_barcode,one_substitution,737,16,1,0.03,0.0,2,7405.45,7405.45,9136.105,2719.461969765343,0.001448,737.0,2112,0,0.36722440496733394
dotmatch_scan,synthetic_barcode,one_substitution,737,24,0,0.0,0.0,2,339366.6,339366.6,380090.61,63991.608062463914,2.9999999999999997e-05,737.0,4048,0,0.18856189166071122
dotmatch_scan,synthetic_barcode,one_substitution,737,24,0,0.005,0.0,2,332244.0,332244.0,366557.67,53918.73054310532,3.05e-05,737.0,4064,0,0.16228654405528864
dotmatch_scan,synthetic_barcode,one_substitution,737,24,0,0.01,0.0,2,347222.15,347222.15,409722.065,98209.14160018407,3e-05,737.0,4064,0,0.28284238663974653
dotmatch_scan,synthetic_barcode,one_substitution,737,24,0,0.03,0.0,2,339342.5,339342.5,425238.58999999997,134972.68381424443,3.2e-05,737.0,4064,0,0.3977476555817336
dotmatch_scan,synthetic_barcode,one_substitution,737,24,1,0.0,0.0,2,12222.85,12222.85,14477.035,3542.109998997772,0.0008539999999999999,737.0,4080,0,0.28979411503845437
dotmatch_scan,synthetic_barcode,one_substitution,737,24,1,0.005,0.0,2,12093.7,12093.7,14290.779999999999,3452.3781484652,0.000862,737.0,4080,0,0.2854691408307796
dotmatch_scan,synthetic_barcode,one_substitution,737,24,1,0.01,0.0,2,11396.0,11396.0,14394.35,4711.452483045966,0.0009595000000000001,737.0,4080,0,0.4134303688176523
dotmatch_scan,synthetic_barcode,one_substitution,737,24,1,0.03,0.0,2,11324.2,11324.2,14157.039999999999,4451.378608925554,0.000957,737.0,4080,0,0.3930854814402389
dotmatch_scan,synthetic_barcode,one_substitution,737,32,0,0.0,0.0,2,355392.0,355392.0,410539.05,86655.22892763022,2.9e-05,737.0,4528,0,0.24382999315581166
dotmatch_scan,synthetic_barcode,one_substitution,737,32,0,0.005,0.0,2,369623.8,369623.8,411962.5,66528.84861471751,2.75e-05,737.0,4528,0,0.1799907057248952
dotmatch_scan,synthetic_barcode,one_substitution,737,32,0,0.01,0.0,2,300179.15,300179.15,320340.45499999996,31680.434406822726,3.35e-05,737.0,4528,0,0.10553842399388073
dotmatch_scan,synthetic_barcode,one_substitution,737,32,0,0.03,0.0,2,369623.69999999995,369623.69999999995,411962.49,66528.99003607374,2.75e-05,737.0,4528,0,0.17999113702956207
dotmatch_scan,synthetic_barcode,one_substitution,737,32,1,0.0,0.0,2,13636.4,13636.4,14502.289999999999,1360.6148683591553,0.000737,737.0,4576,0,0.09977815760458444
dotmatch_scan,synthetic_barcode,one_substitution,737,32,1,0.005,0.0,2,13280.1,13280.1,14466.66,1864.499160632688,0.0007605,737.0,4576,0,0.14039797596649783
dotmatch_scan,synthetic_barcode,one_substitution,737,32,1,0.01,0.0,2,12103.1,12103.1,14465.06,3711.46207309195,0.0008669999999999999,737.0,4576,0,0.3066538385283068
dotmatch_scan,synthetic_barcode,one_substitution,737,32,1,0.03,0.0,2,12092.2,12092.2,14177.5,3276.732824018461,0.0008585,737.0,4576,0,0.2709790463289113
dotmatch_scan,synthetic_barcode,one_substitution,4096,16,0,0.0,0.0,2,40792.95,40792.95,45363.735,7182.295708546114,0.000249,4096.0,2880,0,0.1760670828794219
dotmatch_scan,synthetic_barcode,one_substitution,4096,16,0,0.005,0.0,2,44748.95,44748.95,55611.274999999994,17068.497037671474,0.000241,4096.0,2960,0,0.38142787792052046
dotmatch_scan,synthetic_barcode,one_substitution,4096,16,0,0.01,0.0,2,42363.75,42363.75,44776.875,3791.860114112861,0.00023700000000000001,4096.0,3040,0,0.08950718749196804
dotmatch_scan,synthetic_barcode,one_substitution,4096,16,0,0.03,0.0,2,39344.8,39344.8,43064.950000000004,5845.651760069189,0.000257,4096.0,3072,0,0.14857495171075183
dotmatch_scan,synthetic_barcode,one_substitution,4096,16,1,0.0,0.0,2,1953.0500000000002,1953.0500000000002,2444.225,771.8070516651169,0.005554,4096.0,3664,0,0.39518038537933836
dotmatch_scan,synthetic_barcode,one_substitution,4096,16,1,0.005,0.0,2,1894.3500000000001,1894.3500000000001,2217.405,507.63195821382254,0.0054754999999999995,4096.0,3664,0,0.26797157769885316
dotmatch_scan,synthetic_barcode,one_substitution,4096,16,1,0.01,0.0,2,1760.45,1760.45,1891.355,205.69736264716676,0.0057195,4096.0,3664,0,0.11684362671315104
dotmatch_scan,synthetic_barcode,one_substitution,4096,16,1,0.03,0.0,2,2035.5,2035.5,2295.15,408.0006127446379,0.005013500000000001,4096.0,3664,0,0.20044245283450646
dotmatch_scan,synthetic_barcode,one_substitution,4096,24,0,0.0,0.0,2,52953.85,52953.85,64898.064999999995,18768.523161000172,0.00020150000000000002,4096.0,4176,0,0.3544317015854404
dotmatch_scan,synthetic_barcode,one_substitution,4096,24,0,0.005,0.0,2,56181.5,56181.5,66020.84000000001,15461.031192000099,0.000185,4096.0,4176,0,0.27519790664186783
dotmatch_scan,synthetic_barcode,one_substitution,4096,24,0,0.01,0.0,2,56079.55,56079.55,66010.645,15605.21026468404,0.0001855,4096.0,4176,0,0.27826917770709714
dotmatch_scan,synthetic_barcode,one_substitution,4096,24,0,0.03,0.0,2,55541.200000000004,55541.200000000004,68491.21,20348.977527630228,0.000193,4096.0,4176,0,0.3663762671247691
dotmatch_scan,synthetic_barcode,one_substitution,4096,24,1,0.0,0.0,2,1920.3999999999999,1920.3999999999999,2468.77,861.6803235539268,0.00579,4096.0,4320,0,0.4486983563600952
dotmatch_scan,synthetic_barcode,one_substitution,4096,24,1,0.005,0.0,2,1994.4,1994.4,2547.45,869.0342340782669,0.00554,4096.0,4336,0,0.4357371811463432
dotmatch_scan,synthetic_barcode,one_substitution,4096,24,1,0.01,0.0,2,2046.8,2046.8,2502.38,715.8749052732608,0.005204,4096.0,4368,0,0.34975322712197615
dotmatch_scan,synthetic_barcode,one_substitution,4096,24,1,0.03,0.0,2,2076.2,2076.2,2570.48,776.6860884553037,0.005179,4096.0,4400,0,0.37409020732843834
dotmatch_scan,synthetic_barcode,one_substitution,4096,32,0,0.0,0.0,2,66890.4,66890.4,67091.73000000001,316.3595739028727,0.0001495,4096.0,4912,0,0.004729521334943022
dotmatch_scan,synthetic_barcode,one_substitution,4096,32,0,0.005,0.0,2,50351.55,50351.55,54758.895,6925.474525619162,0.0002005,4096.0,4912,0,0.1375424296892382
dotmatch_scan,synthetic_barcode,one_substitution,4096,32,0,0.01,0.0,2,45148.8,45148.8,45423.93,432.3250860174588,0.00022150000000000002,4096.0,4912,0,0.009575560945528092
dotmatch_scan,synthetic_barcode,one_substitution,4096,32,0,0.03,0.0,2,53253.649999999994,53253.649999999994,65325.395,18968.917222788437,0.0002005,4096.0,4912,0,0.35619938206655205
dotmatch_scan,synthetic_barcode,one_substitution,4096,32,1,0.0,0.0,2,2512.8,2512.8,2592.0,124.45079348883236,0.0039845,4096.0,5104,0,0.04952674048425356
dotmatch_scan,synthetic_barcode,one_substitution,4096,32,1,0.005,0.0,2,2493.4,2493.4,2636.59,225.0013777735593,0.004026999999999999,4096.0,5104,0,0.09023878149256409
dotmatch_scan,synthetic_barcode,one_substitution,4096,32,1,0.01,0.0,2,2463.85,2463.85,2640.025,276.8323048345334,0.0040845,4096.0,5104,0,0.11235761301805441
dotmatch_scan,synthetic_barcode,one_substitution,4096,32,1,0.03,0.0,2,2391.75,2391.75,2564.145,270.8926078725666,0.004208,4096.0,5120,0,0.11326125551272775
edlib_native_scan,synthetic_barcode,exact,96,16,0,0.0,0.0,2,14786.75,14786.75,18427.835000000003,5721.413098614714,0.000731,96.0,1472,0,0.3869283715904248
edlib_native_scan,synthetic_barcode,exact,96,16,1,0.0,0.0,2,7201.35,7201.35,8425.575,1923.6839982180024,0.0014399999999999999,96.0,1616,0,0.2671282465396075
edlib_native_scan,synthetic_barcode,exact,96,24,0,0.0,0.0,2,11916.9,11916.9,17525.61,8813.23749935289,0.001155,96.0,3824,0,0.7395578967141531
edlib_native_scan,synthetic_barcode,exact,96,24,1,0.0,0.0,2,9788.55,9788.55,10772.115,1545.5232916394355,0.0010345,96.0,3888,0,0.15789093294098058
edlib_native_scan,synthetic_barcode,exact,96,32,0,0.0,0.0,2,15168.0,15168.0,17251.05,3273.1972901125287,0.000675,96.0,4400,0,0.21579623484391672
edlib_native_scan,synthetic_barcode,exact,96,32,1,0.0,0.0,2,10284.150000000001,10284.150000000001,11152.155,1363.9382702307319,0.000981,96.0,4448,0,0.13262527970038668
edlib_native_scan,synthetic_barcode,exact,737,16,0,0.0,0.0,2,1732.25,1732.25,2080.415,547.0885166040317,0.006076,737.0,1840,0,0.3158253812117372
edlib_native_scan,synthetic_barcode,exact,737,16,1,0.0,0.0,2,1175.4,1175.4,1313.5500000000002,217.0817818242701,0.0086555,737.0,1936,0,0.18468758024865586
edlib_native_scan,synthetic_barcode,exact,737,24,0,0.0,0.0,2,1716.5,1716.5,2181.44,730.5827263219408,0.006406,737.0,4016,0,0.4256234933422317
edlib_native_scan,synthetic_barcode,exact,737,24,1,0.0,0.0,2,1241.6,1241.6,1581.17,533.5827770833688,0.0088735,737.0,4064,0,0.42975416968699165
edlib_native_scan,synthetic_barcode,exact,737,32,0,0.0,0.0,2,2115.5,2115.5,2284.3399999999997,265.3064643011925,0.0047645,737.0,4528,0,0.12541076071906995
edlib_native_scan,synthetic_barcode,exact,737,32,1,0.0,0.0,2,1340.35,1340.35,1455.235,180.52436123692547,0.007529,737.0,4528,0,0.13468449377918118
edlib_native_scan,synthetic_barcode,exact,4096,16,0,0.0,0.0,2,251.0,251.0,257.65999999999997,10.465180361560881,0.039874,4096.0,2576,0,0.041693945663589166
edlib_native_scan,synthetic_barcode,exact,4096,16,1,0.0,0.0,2,227.85,227.85,267.585,62.437528778772155,0.045605,4096.0,3104,0,0.2740290927310606
edlib_native_scan,synthetic_barcode,exact,4096,24,0,0.0,0.0,2,330.45,330.45,403.21500000000003,114.33916651786474,0.032191,4096.0,4080,0,0.34601049029464287
edlib_native_scan,synthetic_barcode,exact,4096,24,1,0.0,0.0,2,215.39999999999998,215.39999999999998,279.57,100.83342699720167,0.052148,4096.0,4176,0,0.46812175950418605
edlib_native_scan,synthetic_barcode,exact,4096,32,0,0.0,0.0,2,355.2,355.2,391.2,56.568542494923804,0.028515,4096.0,4720,0,0.15925828405102424
edlib_native_scan,synthetic_barcode,exact,4096,32,1,0.0,0.0,2,238.4,238.4,241.1,4.242640687119285,0.041958499999999996,4096.0,4912,0,0.01779631160704398
edlib_native_scan,synthetic_barcode,one_substitution,96,16,0,0.0,0.0,2,15176.5,15176.5,19199.41,6321.393202451499,0.0007215,96.0,1488,0,0.41652510146947574
edlib_native_scan,synthetic_barcode,one_substitution,96,16,0,0.005,0.0,2,15669.75,15669.75,19603.065,6180.608242317255,0.000692,96.0,1488,0,0.39442928204452876
edlib_native_scan,synthetic_barcode,one_substitution,96,16,0,0.01,0.0,2,15728.6,15728.6,19828.46,6442.308462034397,0.000694,96.0,1504,0,0.4095919828868683
edlib_native_scan,synthetic_barcode,one_substitution,96,16,0,0.03,0.0,2,15628.55,15628.55,19349.375,5846.712420240969,0.000688,96.0,1552,0,0.37410459833068127
edlib_native_scan,synthetic_barcode,one_substitution,96,16,1,0.0,0.0,2,7345.75,7345.75,8039.785,1090.5707886240118,0.0013765000000000001,96.0,1632,0,0.14846282389463455
edlib_native_scan,synthetic_barcode,one_substitution,96,16,1,0.005,0.0,2,10909.4,10909.4,13504.73,4078.167649815295,0.0009854999999999998,96.0,1664,0,0.37382144295885156
edlib_native_scan,synthetic_barcode,one_substitution,96,16,1,0.01,0.0,2,11268.400000000001,11268.400000000001,14020.78,4324.947916449399,0.000958,96.0,1664,0,0.3838120688340313
edlib_native_scan,synthetic_barcode,one_substitution,96,16,1,0.03,0.0,2,11130.7,11130.7,13771.300000000001,4149.302592002661,0.0009655,96.0,1728,0,0.3727800221012749
edlib_native_scan,synthetic_barcode,one_substitution,96,24,0,0.0,0.0,2,15734.1,15734.1,18458.94,4281.672981440783,0.00066,96.0,3840,0,0.2721269714467801
edlib_native_scan,synthetic_barcode,one_substitution,96,24,0,0.005,0.0,2,14890.1,14890.1,18280.04,5326.7768040345,0.0007175,96.0,3856,0,0.35773949161083535
edlib_native_scan,synthetic_barcode,one_substitution,96,24,0,0.01,0.0,2,11455.95,11455.95,17539.005,9558.59875740163,0.001339,96.0,3856,0,0.8343785331990476
edlib_native_scan,synthetic_barcode,one_substitution,96,24,0,0.03,0.0,2,15838.4,15838.4,18343.64,3936.604872221748,0.0006515,96.0,3856,0,0.24854814073528564
edlib_native_scan,synthetic_barcode,one_substitution,96,24,1,0.0,0.0,2,8837.1,8837.1,12036.15,5026.822107455167,0.00135,96.0,3968,0,0.5688316424455043
edlib_native_scan,synthetic_barcode,one_substitution,96,24,1,0.005,0.0,2,9936.25,9936.25,12314.365,3736.847206536548,0.001083,96.0,3968,0,0.3760822449653087
edlib_native_scan,synthetic_barcode,one_substitution,96,24,1,0.01,0.0,2,10505.7,10505.7,12175.38,2623.6490009145664,0.0009824999999999999,96.0,3968,0,0.2497357625778926
edlib_native_scan,synthetic_barcode,one_substitution,96,24,1,0.03,0.0,2,9332.3,9332.3,12113.39,4370.061329089101,0.0012035,96.0,3968,0,0.46827270116574704
edlib_native_scan,synthetic_barcode,one_substitution,96,32,0,0.0,0.0,2,14037.2,14037.2,15335.63,2040.2859064356646,0.0007199999999999999,96.0,4416,0,0.14534849588491042
edlib_native_scan,synthetic_barcode,one_substitution,96,32,0,0.005,0.0,2,12456.0,12456.0,13473.9,1599.4755390439705,0.0008095,96.0,4416,0,0.1284100464871524
edlib_native_scan,synthetic_barcode,one_substitution,96,32,0,0.01,0.0,2,12247.599999999999,12247.599999999999,15375.73,4915.3820787401655,0.0008879999999999999,96.0,4416,0,0.40133430865966935
edlib_native_scan,synthetic_barcode,one_substitution,96,32,0,0.03,0.0,2,14528.5,14528.5,17077.839999999997,4005.901336778029,0.0007155,96.0,4416,0,0.27572711131761907
edlib_native_scan,synthetic_barcode,one_substitution,96,32,1,0.0,0.0,2,10659.7,10659.7,11235.43,904.6724158500693,0.0009415000000000001,96.0,4464,0,0.08486846870456667
edlib_native_scan,synthetic_barcode,one_substitution,96,32,1,0.005,0.0,2,10612.1,10612.1,11207.81,936.0679569347511,0.000946,96.0,4464,0,0.08820760800734549
edlib_native_scan,synthetic_barcode,one_substitution,96,32,1,0.01,0.0,2,9188.15,9188.15,11065.414999999999,2949.8373590759197,0.0011475,96.0,4464,0,0.3210480193592747
edlib_native_scan,synthetic_barcode,one_substitution,96,32,1,0.03,0.0,2,10534.15,10534.15,11200.015,1046.3059041217348,0.000954,96.0,4464,0,0.0993251381574911
edlib_native_scan,synthetic_barcode,one_substitution,737,16,0,0.0,0.0,2,1987.5500000000002,1987.5500000000002,2491.775,792.3131483195266,0.0054655,737.0,1936,0,0.3986380963092886
edlib_native_scan,synthetic_barcode,one_substitution,737,16,0,0.005,0.0,2,1840.65,1840.65,2292.765,710.4301830581243,0.00587,737.0,1936,0,0.3859670133149291
edlib_native_scan,synthetic_barcode,one_substitution,737,16,0,0.01,0.0,2,1830.8999999999999,1830.8999999999999,2163.27,522.269068584384,0.005693500000000001,737.0,1936,0,0.2852526454663739
edlib_native_scan,synthetic_barcode,one_substitution,737,16,0,0.03,0.0,2,1809.5500000000002,1809.5500000000002,2177.425,578.0597936200027,0.0058235000000000006,737.0,1936,0,0.3194494728634205
edlib_native_scan,synthetic_barcode,one_substitution,737,16,1,0.0,0.0,2,1078.8,1078.8,1127.3999999999999,76.36753236814714,0.009293,737.0,2096,0,0.07078933293302479
edlib_native_scan,synthetic_barcode,one_substitution,737,16,1,0.005,0.0,2,1246.1,1246.1,1465.8799999999999,345.3509519315098,0.0083455,737.0,2112,0,0.27714545536594964
edlib_native_scan,synthetic_barcode,one_substitution,737,16,1,0.01,0.0,2,1062.6,1062.6,1294.08,363.7357282423601,0.0099965,737.0,2112,0,0.3423072917771129
edlib_native_scan,synthetic_barcode,one_substitution,737,16,1,0.03,0.0,2,1069.7,1069.7,1260.05,299.10616844190963,0.0097285,737.0,2112,0,0.2796168724333081
edlib_native_scan,synthetic_barcode,one_substitution,737,24,0,0.0,0.0,2,1865.15,1865.15,2385.935,818.3346778671917,0.0059325,737.0,4048,0,0.43875006185410914
edlib_native_scan,synthetic_barcode,one_substitution,737,24,0,0.005,0.0,2,2057.0,2057.0,2363.99,482.38824612546256,0.004999,737.0,4064,0,0.23451057176736148
edlib_native_scan,synthetic_barcode,one_substitution,737,24,0,0.01,0.0,2,1871.6,1871.6,2413.7599999999998,851.9222499735523,0.0059605000000000005,737.0,4064,0,0.45518393351867514
edlib_native_scan,synthetic_barcode,one_substitution,737,24,0,0.03,0.0,2,1928.8000000000002,1928.8000000000002,2221.3,459.61940777125614,0.0053360000000000005,737.0,4064,0,0.23829293227460394
edlib_native_scan,synthetic_barcode,one_substitution,737,24,1,0.0,0.0,2,1191.15,1191.15,1522.485,520.642722987655,0.009282,737.0,4080,0,0.43709249295861563
edlib_native_scan,synthetic_barcode,one_substitution,737,24,1,0.005,0.0,2,1235.5,1235.5,1572.55,529.622979108724,0.008913,737.0,4080,0,0.42867096649836023
edlib_native_scan,synthetic_barcode,one_substitution,737,24,1,0.01,0.0,2,1233.3,1233.3,1546.05,491.4392129246505,0.0088075,737.0,4080,0,0.3984749962901569
edlib_native_scan,synthetic_barcode,one_substitution,737,24,1,0.03,0.0,2,1272.4,1272.4,1582.36,487.05515088129397,0.0084805,737.0,4080,0,0.38278462030909616
edlib_native_scan,synthetic_barcode,one_substitution,737,32,0,0.0,0.0,2,1998.8,1998.8,2049.83,80.18590898655455,0.005007,737.0,4528,0,0.04011702470810214
edlib_native_scan,synthetic_barcode,one_substitution,737,32,0,0.005,0.0,2,2006.1499999999999,2006.1499999999999,2333.345,514.1373406007386,0.005154,737.0,4528,0,0.25628060743251435
edlib_native_scan,synthetic_barcode,one_substitution,737,32,0,0.01,0.0,2,2087.65,2087.65,2316.025,358.85669145217287,0.004862,737.0,4528,0,0.17189504536305072
edlib_native_scan,synthetic_barcode,one_substitution,737,32,0,0.03,0.0,2,2093.85,2093.85,2116.125,35.0017856687341,0.0047764999999999995,737.0,4528,0,0.0167164723684763
edlib_native_scan,synthetic_barcode,one_substitution,737,32,1,0.0,0.0,2,1330.35,1330.35,1413.105,130.0369370602059,0.007553000000000001,737.0,4576,0,0.09774641038839847
edlib_native_scan,synthetic_barcode,one_substitution,737,32,1,0.005,0.0,2,1316.4499999999998,1316.4499999999998,1433.135,183.35278836167166,0.0076705,737.0,4576,0,0.13927820149771863
edlib_native_scan,synthetic_barcode,one_substitution,737,32,1,0.01,0.0,2,1183.5500000000002,1183.5500000000002,1368.365,290.4087550333152,0.0087115,737.0,4576,0,0.24537092225365648
edlib_native_scan,synthetic_barcode,one_substitution,737,32,1,0.03,0.0,2,1240.8,1240.8,1440.4199999999998,313.67256813435245,0.0083255,737.0,4576,0,0.2527986525905484
edlib_native_scan,synthetic_barcode,one_substitution,4096,16,0,0.0,0.0,2,256.85,256.85,264.365,11.808683245815356,0.038973999999999995,4096.0,2880,0,0.045975017503661106
edlib_native_scan,synthetic_barcode,one_substitution,4096,16,0,0.005,0.0,2,248.1,248.1,256.91999999999996,13.859292911256308,0.0403645,4096.0,2960,0,0.055861720722516356
edlib_native_scan,synthetic_barcode,one_substitution,4096,16,0,0.01,0.0,2,264.95000000000005,264.95000000000005,265.71500000000003,1.2020815280171027,0.0377425,4096.0,3040,0,0.004537012749639941
edlib_native_scan,synthetic_barcode,one_substitution,4096,16,0,0.03,0.0,2,299.85,299.85,326.445,41.79001076812496,0.033673999999999996,4096.0,3072,0,0.1393697207541269
edlib_native_scan,synthetic_barcode,one_substitution,4096,16,1,0.0,0.0,2,237.8,237.8,286.76,76.93321779309636,0.0443805,4096.0,3664,0,0.3235206803746693
edlib_native_scan,synthetic_barcode,one_substitution,4096,16,1,0.005,0.0,2,215.10000000000002,215.10000000000002,242.82,43.557777721091334,0.047458,4096.0,3664,0,0.20250012887536648
edlib_native_scan,synthetic_barcode,one_substitution,4096,16,1,0.01,0.0,2,207.25,207.25,239.695,50.98239892355009,0.0497495,4096.0,3664,0,0.24599468720651432
edlib_native_scan,synthetic_barcode,one_substitution,4096,16,1,0.03,0.0,2,219.45000000000002,219.45000000000002,271.33500000000004,81.52941187080893,0.048936999999999994,4096.0,3664,0,0.37151702834727235
edlib_native_scan,synthetic_barcode,one_substitution,4096,24,0,0.0,0.0,2,308.6,308.6,366.65000000000003,91.21677477306466,0.0338865,4096.0,4176,0,0.2955825494914603
edlib_native_scan,synthetic_barcode,one_substitution,4096,24,0,0.005,0.0,2,304.65,304.65,368.775,100.762716319083,0.0347265,4096.0,4176,0,0.3307491098607681
edlib_native_scan,synthetic_barcode,one_substitution,4096,24,0,0.01,0.0,2,336.9,336.9,410.7,115.96551211459376,0.0315535,4096.0,4176,0,0.3442134524030685
edlib_native_scan,synthetic_barcode,one_substitution,4096,24,0,0.03,0.0,2,321.85,321.85,421.255,156.19988796410837,0.035213499999999995,4096.0,4176,0,0.48531889999722966
edlib_native_scan,synthetic_barcode,one_substitution,4096,24,1,0.0,0.0,2,224.2,224.2,281.08,89.37829714197959,0.0484495,4096.0,4320,0,0.39865431374656374
edlib_native_scan,synthetic_barcode,one_substitution,4096,24,1,0.005,0.0,2,233.14999999999998,233.14999999999998,284.945,81.3879905145716,0.045677999999999996,4096.0,4336,0,0.3490799507380296
edlib_native_scan,synthetic_barcode,one_substitution,4096,24,1,0.01,0.0,2,232.35,232.35,283.965,81.105147802097,0.045841,4096.0,4368,0,0.34906454831976325
edlib_native_scan,synthetic_barcode,one_substitution,4096,24,1,0.03,0.0,2,236.7,236.7,284.04,74.38763338082481,0.044451,4096.0,4400,0,0.3142696805273545
edlib_native_scan,synthetic_barcode,one_substitution,4096,32,0,0.0,0.0,2,297.70000000000005,297.70000000000005,299.41,2.6870057685089086,0.0335935,4096.0,4912,0,0.009025884341649002
edlib_native_scan,synthetic_barcode,one_substitution,4096,32,0,0.005,0.0,2,230.9,230.9,233.15,3.5355339059327378,0.043313500000000005,4096.0,4912,0,0.015311970142627708
edlib_native_scan,synthetic_barcode,one_substitution,4096,32,0,0.01,0.0,2,257.65,257.65,277.04499999999996,30.476302269140184,0.039083999999999994,4096.0,4912,0,0.11828566764657554
edlib_native_scan,synthetic_barcode,one_substitution,4096,32,0,0.03,0.0,2,303.6,303.6,341.94,60.24549775709386,0.033599500000000004,4096.0,4912,0,0.1984370808863434
edlib_native_scan,synthetic_barcode,one_substitution,4096,32,1,0.0,0.0,2,255.35,255.35,257.195,2.899137802864821,0.0391595,4096.0,5104,0,0.011353584503093091
edlib_native_scan,synthetic_barcode,one_substitution,4096,32,1,0.005,0.0,2,237.05,237.05,247.98499999999999,17.182694782833085,0.042299500000000004,4096.0,5104,0,0.07248552956267912
edlib_native_scan,synthetic_barcode,one_substitution,4096,32,1,0.01,0.0,2,241.3,241.3,248.68,11.596551211459373,0.041489,4096.0,5104,0,0.048058645716781485
edlib_native_scan,synthetic_barcode,one_substitution,4096,32,1,0.03,0.0,2,236.9,236.9,243.65,10.606601717798213,0.042252,4096.0,5120,0,0.044772485089903814
exact_hash_lookup,synthetic_barcode,exact,96,16,0,0.0,0.0,2,621212.3,621212.3,880303.3099999999,407122.2447010479,2.05e-05,1.0,1488,0,0.6553673272423097
exact_hash_lookup,synthetic_barcode,exact,96,24,0,0.0,0.0,2,392307.65,392307.65,399230.765,10878.625696520707,2.55e-05,1.0,3824,0,0.027729833197289694
exact_hash_lookup,synthetic_barcode,exact,96,32,0,0.0,0.0,2,620300.65,620300.65,704887.015,132914.64952760094,1.65e-05,1.0,4400,0,0.21427456109807547
exact_hash_lookup,synthetic_barcode,exact,737,16,0,0.0,0.0,2,143025.09999999998,143025.09999999998,169474.93,41561.89812051418,7.3e-05,1.0,1904,0,0.2905916382545035
exact_hash_lookup,synthetic_barcode,exact,737,24,0,0.0,0.0,2,69794.25,69794.25,91885.065,34712.36686319445,0.00016350000000000002,1.0,4048,0,0.49735281721910407
exact_hash_lookup,synthetic_barcode,exact,737,32,0,0.0,0.0,2,82093.25,82093.25,103954.025,34350.893876651884,0.0001335,1.0,4528,0,0.418437494881149
exact_hash_lookup,synthetic_barcode,exact,4096,16,0,0.0,0.0,2,19491.2,19491.2,20817.08,2083.4194200880447,0.000516,1.0,2800,0,0.10689025919840978
exact_hash_lookup,synthetic_barcode,exact,4096,24,0,0.0,0.0,2,13533.7,13533.7,15285.279999999999,2752.342435090518,0.0007545,1.0,4176,0,0.20336954676773666
exact_hash_lookup,synthetic_barcode,exact,4096,32,0,0.0,0.0,2,16254.5,16254.5,16776.95,820.9509729575817,0.000616,1.0,4912,0,0.05050607357701447
exact_hash_lookup,synthetic_barcode,one_substitution,96,16,0,0.0,0.0,2,1416667.65,1416667.65,1941668.7449999999,824959.6320108065,8.5e-06,0.0,1488,0,0.5823240419238814
exact_hash_lookup,synthetic_barcode,one_substitution,96,16,0,0.005,0.0,2,1287878.05,1287878.05,1628787.2950000002,535687.1975748581,8.5e-06,0.0,1488,0,0.41594559172342294
exact_hash_lookup,synthetic_barcode,one_substitution,96,16,0,0.01,0.0,2,1217948.5,1217948.5,1621794.34,634582.5155955056,9.5e-06,0.0,1504,0,0.5210257376198629
exact_hash_lookup,synthetic_barcode,one_substitution,96,16,0,0.03,0.0,2,982143.7,982143.7,1223216.0799999998,378808.6992328449,1.1e-05,0.0,1568,0,0.38569579913086544
exact_hash_lookup,synthetic_barcode,one_substitution,96,24,0,0.0,0.0,2,611888.25,611888.25,753496.635,222516.1095697231,1.75e-05,0.0,3840,0,0.36365481698614593
exact_hash_lookup,synthetic_barcode,one_substitution,96,24,0,0.005,0.0,2,592948.7,592948.7,751602.68,249300.6780449664,1.85e-05,0.0,3856,0,0.4204422373216543
exact_hash_lookup,synthetic_barcode,one_substitution,96,24,0,0.01,0.0,2,622710.7,622710.7,754578.88,207210.85400161834,1.7e-05,0.0,3856,0,0.33275621247815135
exact_hash_lookup,synthetic_barcode,one_substitution,96,24,0,0.03,0.0,2,647773.3500000001,647773.3500000001,757085.145,171766.91446260834,1.6e-05,0.0,3856,0,0.2651651452820779
exact_hash_lookup,synthetic_barcode,one_substitution,96,32,0,0.0,0.0,2,590277.8,590277.8,621527.6000000001,49104.3233127186,1.7e-05,0.0,4416,0,0.0831884975391563
exact_hash_lookup,synthetic_barcode,one_substitution,96,32,0,0.005,0.0,2,378787.8,378787.8,446969.55,107137.28395147975,2.75e-05,0.0,4416,0,0.28284248846314414
exact_hash_lookup,synthetic_barcode,one_substitution,96,32,0,0.01,0.0,2,574534.3999999999,574534.3999999999,700311.0199999999,197638.89092605226,1.85e-05,0.0,4416,0,0.3439983592384587
exact_hash_lookup,synthetic_barcode,one_substitution,96,32,0,0.03,0.0,2,505952.25,505952.25,800595.0149999999,462986.4381312319,3.4e-05,0.0,4416,0,0.9150793145622573
exact_hash_lookup,synthetic_barcode,one_substitution,737,16,0,0.0,0.0,2,188492.05,188492.05,233134.885,70149.44746642701,5.7e-05,0.0,1936,0,0.372161305829222
exact_hash_lookup,synthetic_barcode,one_substitution,737,16,0,0.005,0.0,2,93745.55,93745.55,130996.145,58533.66295051934,0.0001325,0.0,1936,0,0.6243887091229327
exact_hash_lookup,synthetic_barcode,one_substitution,737,16,0,0.01,0.0,2,166532.34999999998,166532.34999999998,193123.79499999998,41784.4246245536,6.2e-05,0.0,1936,0,0.25090875511306726
exact_hash_lookup,synthetic_barcode,one_substitution,737,16,0,0.03,0.0,2,167830.3,167830.3,200456.47,51267.08011365579,6.25e-05,0.0,1936,0,0.3054697519676471
exact_hash_lookup,synthetic_barcode,one_substitution,737,24,0,0.0,0.0,2,93113.0,93113.0,108212.39,23726.402357289662,0.00011100000000000001,0.0,4048,0,0.25481299450441575
exact_hash_lookup,synthetic_barcode,one_substitution,737,24,0,0.005,0.0,2,82596.4,82596.4,106085.68000000001,36909.842607087885,0.0001345,0.0,4064,0,0.44686987092764197
exact_hash_lookup,synthetic_barcode,one_substitution,737,24,0,0.01,0.0,2,88647.35,88647.35,109988.375,33534.18554438143,0.0001215,0.0,4064,0,0.37828751276131123
exact_hash_lookup,synthetic_barcode,one_substitution,737,24,0,0.03,0.0,2,60786.15,60786.15,104979.705,69443.47205609034,0.0004735,0.0,4064,0,1.142422608704291
exact_hash_lookup,synthetic_barcode,one_substitution,737,32,0,0.0,0.0,2,100059.75,100059.75,106780.185,10560.144802274248,0.0001005,0.0,4528,0,0.10553838883541332
exact_hash_lookup,synthetic_barcode,one_substitution,737,32,0,0.005,0.0,2,103114.5,103114.5,112584.20999999999,14880.213681933461,9.8e-05,0.0,4528,0,0.1443076743031626
exact_hash_lookup,synthetic_barcode,one_substitution,737,32,0,0.01,0.0,2,103632.45000000001,103632.45000000001,110363.235,10576.408258241554,9.7e-05,0.0,4528,0,0.10205691613236542
exact_hash_lookup,synthetic_barcode,one_substitution,737,32,0,0.03,0.0,2,103268.4,103268.4,107101.04999999999,6022.428455365825,9.7e-05,0.0,4528,0,0.05831821210908492
exact_hash_lookup,synthetic_barcode,one_substitution,4096,16,0,0.0,0.0,2,19054.85,19054.85,25161.305,9595.36831002333,0.000601,0.0,2960,0,0.5035656701586909
exact_hash_lookup,synthetic_barcode,one_substitution,4096,16,0,0.005,0.0,2,23409.75,23409.75,24784.905,2160.8476126279716,0.000429,0.0,2960,0,0.09230545446354496
exact_hash_lookup,synthetic_barcode,one_substitution,4096,16,0,0.01,0.0,2,27713.65,27713.65,30378.684999999998,4187.698490221092,0.000365,0.0,3072,0,0.15110598893401234
exact_hash_lookup,synthetic_barcode,one_substitution,4096,16,0,0.03,0.0,2,26939.35,26939.35,31447.945,7084.573551386138,0.0003845,0.0,3072,0,0.2629823492915062
exact_hash_lookup,synthetic_barcode,one_substitution,4096,24,0,0.0,0.0,2,14030.150000000001,14030.150000000001,16657.295000000002,4128.160099245184,0.000745,0.0,4176,0,0.2942349225949248
exact_hash_lookup,synthetic_barcode,one_substitution,4096,24,0,0.005,0.0,2,14001.8,14001.8,17079.62,4836.327540603509,0.0007595,0.0,4176,0,0.3454075576428394
exact_hash_lookup,synthetic_barcode,one_substitution,4096,24,0,0.01,0.0,2,15563.3,15563.3,19592.42,6331.151276031871,0.0007005,0.0,4176,0,0.406800053718162
exact_hash_lookup,synthetic_barcode,one_substitution,4096,24,0,0.03,0.0,2,15826.0,15826.0,20254.81,6959.203519081764,0.0006995,0.0,4176,0,0.43973230880081915
exact_hash_lookup,synthetic_barcode,one_substitution,4096,32,0,0.0,0.0,2,13095.9,13095.9,14525.46,2246.3368224734236,0.000775,0.0,4912,0,0.17152977821099913
exact_hash_lookup,synthetic_barcode,one_substitution,4096,32,0,0.005,0.0,2,10216.8,10216.8,10465.560000000001,390.8886286399249,0.0009795,0.0,4912,0,0.03825939909168476
exact_hash_lookup,synthetic_barcode,one_substitution,4096,32,0,0.01,0.0,2,11820.3,11820.3,16943.82,8050.834967877555,0.0011015,0.0,4912,0,0.6811024227707888
exact_hash_lookup,synthetic_barcode,one_substitution,4096,32,0,0.03,0.0,2,14934.2,14934.2,15425.33,771.7363409869984,0.0006705,0.0,4912,0,0.05167577379350741
neighbor_lookup,synthetic_barcode,exact,96,16,1,0.0,0.0,2,78818.35,78818.35,81052.55500000001,3510.714457913101,0.000127,1.0,1632,0,0.044541841562442
neighbor_lookup,synthetic_barcode,exact,96,24,1,0.0,0.0,2,24698.699999999997,24698.699999999997,38042.99999999999,20968.544489305878,0.000633,1.0,3968,0,0.8489736095140992
neighbor_lookup,synthetic_barcode,exact,96,32,1,0.0,0.0,2,34155.2,34155.2,36503.75,3690.3902910125876,0.0002945,1.0,4464,0,0.10804768500880065
neighbor_lookup,synthetic_barcode,exact,737,16,1,0.0,0.0,2,36743.95,36743.95,46736.605,15701.942472350354,0.0002995,1.0,2080,0,0.42733409098233466
neighbor_lookup,synthetic_barcode,exact,737,24,1,0.0,0.0,2,32945.0,32945.0,37385.420000000006,6977.446874036376,0.0003105,1.0,4080,0,0.21179076867616867
neighbor_lookup,synthetic_barcode,exact,737,32,1,0.0,0.0,2,26735.9,26735.9,28241.78,2366.2621325626624,0.00037549999999999997,1.0,4576,0,0.08850504873831298
neighbor_lookup,synthetic_barcode,exact,4096,16,1,0.0,0.0,2,17672.75,17672.75,20362.355,4226.306520473877,0.0005825,1.0,3664,0,0.23914255112950034
neighbor_lookup,synthetic_barcode,exact,4096,24,1,0.0,0.0,2,11470.05,11470.05,15165.675,5807.114440494521,0.001,1.0,4320,0,0.506285015365628
neighbor_lookup,synthetic_barcode,exact,4096,32,1,0.0,0.0,2,13324.5,13324.5,13348.44,37.618080759124844,0.0007505,1.0,5104,0,0.002823226444453814
neighbor_lookup,synthetic_barcode,one_substitution,96,16,1,0.0,0.0,2,78939.25,78939.25,86154.775,11338.103682935696,0.00012800000000000002,1.0,1648,0,0.1436307500126451
neighbor_lookup,synthetic_barcode,one_substitution,96,16,1,0.005,0.0,2,101959.2,101959.2,119952.0,28272.957538962917,0.000102,1.0,1664,0,0.277296776935901
neighbor_lookup,synthetic_barcode,one_substitution,96,16,1,0.01,0.0,2,119972.3,119972.3,140568.71000000002,32364.135953552057,8.649999999999999e-05,1.0,1696,0,0.2697634033318696
neighbor_lookup,synthetic_barcode,one_substitution,96,16,1,0.03,0.0,2,119972.3,119972.3,140568.71000000002,32364.135953552057,8.649999999999999e-05,1.0,1728,0,0.2697634033318696
neighbor_lookup,synthetic_barcode,one_substitution,96,24,1,0.0,0.0,2,42881.9,42881.9,56613.74,21577.504849263736,0.000267,1.0,3968,0,0.5031844402711572
neighbor_lookup,synthetic_barcode,one_substitution,96,24,1,0.005,0.0,2,46428.55,46428.55,58214.275,18519.480152666274,0.000234,1.0,3968,0,0.3988812950795636
neighbor_lookup,synthetic_barcode,one_substitution,96,24,1,0.01,0.0,2,46407.15,46407.15,58857.615,19564.018289835043,0.0002365,1.0,3968,0,0.42157336293728537
neighbor_lookup,synthetic_barcode,one_substitution,96,24,1,0.03,0.0,2,44680.45,44680.45,59682.774999999994,23573.87942458771,0.00026000000000000003,1.0,3968,0,0.5276106087693323
neighbor_lookup,synthetic_barcode,one_substitution,96,32,1,0.0,0.0,2,37082.65,37082.65,39422.515,3676.743130135689,0.000271,1.0,4464,0,0.09914995638487781
neighbor_lookup,synthetic_barcode,one_substitution,96,32,1,0.005,0.0,2,37848.55,37848.55,40222.075000000004,3729.634717368445,0.0002655,1.0,4464,0,0.09854101986386386
neighbor_lookup,synthetic_barcode,one_substitution,96,32,1,0.01,0.0,2,30874.5,30874.5,35345.520000000004,7025.530135157062,0.0003325,1.0,4464,0,0.2275512197819256
neighbor_lookup,synthetic_barcode,one_substitution,96,32,1,0.03,0.0,2,38348.95,38348.95,40720.135,3725.9577621062695,0.00026199999999999997,1.0,4464,0,0.0971593162813133
neighbor_lookup,synthetic_barcode,one_substitution,737,16,1,0.0,0.0,2,55359.0,55359.0,58790.34,5391.83062790366,0.0001815,1.0,2112,0,0.0973975438122737
neighbor_lookup,synthetic_barcode,one_substitution,737,16,1,0.005,0.0,2,60852.3,60852.3,69465.48,13534.306634622992,0.0001685,1.0,2112,0,0.22241240897423747
neighbor_lookup,synthetic_barcode,one_substitution,737,16,1,0.01,0.0,2,34138.25,34138.25,40603.895000000004,10159.780942766434,0.0003065,1.0,2112,0,0.2976069641169783
neighbor_lookup,synthetic_barcode,one_substitution,737,16,1,0.03,0.0,2,44228.399999999994,44228.399999999994,50576.729999999996,9975.4382049111,0.000232,1.0,2112,0,0.22554372767070707
neighbor_lookup,synthetic_barcode,one_substitution,737,24,1,0.0,0.0,2,36131.5,36131.5,40957.57,7583.437385513248,0.000283,1.0,4080,0,0.20988437749645733
neighbor_lookup,synthetic_barcode,one_substitution,737,24,1,0.005,0.0,2,31602.050000000003,31602.050000000003,40350.275,13746.509379657082,0.0003495,1.0,4080,0,0.4349879004576311
neighbor_lookup,synthetic_barcode,one_substitution,737,24,1,0.01,0.0,2,33451.85,33451.85,41002.085,11864.049706782249,0.000319,1.0,4080,0,0.3546604958106129
neighbor_lookup,synthetic_barcode,one_substitution,737,24,1,0.03,0.0,2,31740.65,31740.65,39030.604999999996,11455.059144543951,0.00033699999999999995,1.0,4080,0,0.36089554387020906
neighbor_lookup,synthetic_barcode,one_substitution,737,32,1,0.0,0.0,2,26859.6,26859.6,27411.21,866.7714923784682,0.0003725,1.0,4576,0,0.03227045422785404
neighbor_lookup,synthetic_barcode,one_substitution,737,32,1,0.005,0.0,2,24753.05,24753.05,29102.524999999998,6834.540593558575,0.00041999999999999996,1.0,4576,0,0.2761090287281194
neighbor_lookup,synthetic_barcode,one_substitution,737,32,1,0.01,0.0,2,26254.15,26254.15,30317.695,6385.244944792646,0.0003925,1.0,4576,0,0.24320897628727822
neighbor_lookup,synthetic_barcode,one_substitution,737,32,1,0.03,0.0,2,24058.699999999997,24058.699999999997,28568.69,7086.765582407816,0.0004345,1.0,4576,0,0.29456145105129605
neighbor_lookup,synthetic_barcode,one_substitution,4096,16,1,0.0,0.0,2,16089.15,16089.15,20839.665,7464.714156952027,0.0006965000000000001,1.0,3664,0,0.4639595104124225
neighbor_lookup,synthetic_barcode,one_substitution,4096,16,1,0.005,0.0,2,14530.650000000001,14530.650000000001,16428.075,2981.5157428730795,0.0007030000000000001,1.0,3664,0,0.20518805028495485
neighbor_lookup,synthetic_barcode,one_substitution,4096,16,1,0.01,0.0,2,19351.2,19351.2,22251.18,4556.878940678588,0.0005315,1.0,3664,0,0.23548301607541589
neighbor_lookup,synthetic_barcode,one_substitution,4096,16,1,0.03,0.0,2,21333.0,21333.0,25632.03,6755.2739233875645,0.0004935,1.0,3808,0,0.3166584129464944
neighbor_lookup,synthetic_barcode,one_substitution,4096,24,1,0.0,0.0,2,11389.3,11389.3,14591.86,5032.3375403484215,0.0009729999999999999,1.0,4336,0,0.44184783440144887
neighbor_lookup,synthetic_barcode,one_substitution,4096,24,1,0.005,0.0,2,11940.25,11940.25,14934.505000000001,4705.017811337169,0.000908,1.0,4368,0,0.39404684251478567
neighbor_lookup,synthetic_barcode,one_substitution,4096,24,1,0.01,0.0,2,13833.5,13833.5,15806.39,3100.0975500780623,0.0007415,1.0,4400,0,0.22410073734615696
neighbor_lookup,synthetic_barcode,one_substitution,4096,24,1,0.03,0.0,2,13885.85,13885.85,15881.375,3135.665021171745,0.0007390000000000001,1.0,4400,0,0.22581729034749368
neighbor_lookup,synthetic_barcode,one_substitution,4096,32,1,0.0,0.0,2,13518.35,13518.35,13748.525,361.6851185769191,0.00074,1.0,5104,0,0.026755123116128748
neighbor_lookup,synthetic_barcode,one_substitution,4096,32,1,0.005,0.0,2,12976.25,12976.25,13745.795,1209.2233065071139,0.000774,1.0,5104,0,0.09318742367842126
neighbor_lookup,synthetic_barcode,one_substitution,4096,32,1,0.01,0.0,2,13664.9,13664.9,13866.5,316.7838379715733,0.000732,1.0,5120,0,0.02318230195402625
neighbor_lookup,synthetic_barcode,one_substitution,4096,32,1,0.03,0.0,2,10360.0,10360.0,11998.269999999999,2574.292947587744,0.000996,1.0,5120,0,0.24848387524978224
