tool,workload,n_reads,n_targets,len,k,err,seconds,reads_per_sec,assignments_per_sec,checksum
dotmatch_scan,synthetic_barcode,200,96,8,0,0.000,0.000101,1980198.1,190099014.0,179978
dotmatch_naive,synthetic_barcode,200,96,8,0,0.000,0.000099,2020201.8,193939371.0,179978
dotmatch_scan,synthetic_barcode,200,96,8,0,0.005,0.000097,2061855.7,197938151.6,172543
dotmatch_naive,synthetic_barcode,200,96,8,0,0.005,0.000099,2020202.1,193939399.6,172543
dotmatch_scan,synthetic_barcode,200,96,8,0,0.010,0.000097,2061855.7,197938151.6,177598
dotmatch_naive,synthetic_barcode,200,96,8,0,0.010,0.000098,2040816.2,195918359.2,177598
dotmatch_scan,synthetic_barcode,200,96,8,0,0.030,0.000157,1273885.3,122292991.9,136922
dotmatch_naive,synthetic_barcode,200,96,8,0,0.030,0.000132,1515151.5,145454544.3,136922
dotmatch_scan,synthetic_barcode,200,96,8,1,0.000,0.004500,44444.4,4266666.7,175982
dotmatch_naive,synthetic_barcode,200,96,8,1,0.000,0.003959,50517.8,4849709.5,175982
dotmatch_scan,synthetic_barcode,200,96,8,1,0.005,0.004013,49838.0,4784450.5,178376
dotmatch_naive,synthetic_barcode,200,96,8,1,0.005,0.003769,53064.5,5094189.4,178376
dotmatch_scan,synthetic_barcode,200,96,8,1,0.010,0.003961,50492.3,4847260.8,187288
dotmatch_naive,synthetic_barcode,200,96,8,1,0.010,0.003869,51692.9,4962522.6,187288
dotmatch_scan,synthetic_barcode,200,96,8,1,0.030,0.004066,49188.4,4722085.6,178021
dotmatch_naive,synthetic_barcode,200,96,8,1,0.030,0.003937,50800.1,4876809.8,178021
dotmatch_scan,synthetic_barcode,200,96,8,2,0.000,0.002969,67362.7,6466823.8,178185
dotmatch_naive,synthetic_barcode,200,96,8,2,0.000,0.002950,67796.6,6508474.6,178185
dotmatch_scan,synthetic_barcode,200,96,8,2,0.005,0.002860,69930.1,6713286.7,177558
dotmatch_naive,synthetic_barcode,200,96,8,2,0.005,0.002932,68212.8,6548431.1,177558
dotmatch_scan,synthetic_barcode,200,96,8,2,0.010,0.003071,65125.4,6252035.2,170867
dotmatch_naive,synthetic_barcode,200,96,8,2,0.010,0.002815,71048.0,6820603.9,170867
dotmatch_scan,synthetic_barcode,200,96,8,2,0.030,0.002961,67544.7,6484295.9,180721
dotmatch_naive,synthetic_barcode,200,96,8,2,0.030,0.002798,71479.6,6862044.3,180721
dotmatch_scan,synthetic_barcode,200,96,8,3,0.000,0.002830,70671.4,6784452.3,187684
dotmatch_naive,synthetic_barcode,200,96,8,3,0.000,0.003181,62873.3,6035837.8,187684
dotmatch_scan,synthetic_barcode,200,96,8,3,0.005,0.002845,70298.8,6748681.9,189997
dotmatch_naive,synthetic_barcode,200,96,8,3,0.005,0.002369,84423.8,8104685.5,189997
dotmatch_scan,synthetic_barcode,200,96,8,3,0.010,0.002400,83333.3,8000000.0,190578
dotmatch_naive,synthetic_barcode,200,96,8,3,0.010,0.002365,84566.6,8118393.3,190578
dotmatch_scan,synthetic_barcode,200,96,8,3,0.030,0.002335,85653.1,8222698.1,192287
dotmatch_naive,synthetic_barcode,200,96,8,3,0.030,0.002878,69492.7,6671299.5,192287
dotmatch_scan,synthetic_barcode,200,384,8,0,0.000,0.000300,666666.7,256000000.3,664801
dotmatch_naive,synthetic_barcode,200,384,8,0,0.000,0.000297,673400.7,258585866.1,664801
dotmatch_scan,synthetic_barcode,200,384,8,0,0.005,0.000297,673400.7,258585853.4,601712
dotmatch_naive,synthetic_barcode,200,384,8,0,0.005,0.000309,647249.2,248543693.0,601712
dotmatch_scan,synthetic_barcode,200,384,8,0,0.010,0.000298,671140.9,257718121.7,593861
dotmatch_naive,synthetic_barcode,200,384,8,0,0.010,0.000296,675675.7,259459460.9,593861
dotmatch_scan,synthetic_barcode,200,384,8,0,0.030,0.000294,680272.1,261224491.9,551589
dotmatch_naive,synthetic_barcode,200,384,8,0,0.030,0.000296,675675.7,259459460.9,551589
dotmatch_scan,synthetic_barcode,200,384,8,1,0.000,0.012487,16016.7,6150396.4,685611
dotmatch_naive,synthetic_barcode,200,384,8,1,0.000,0.012975,15414.3,5919075.1,685611
dotmatch_scan,synthetic_barcode,200,384,8,1,0.005,0.011614,17220.6,6612708.8,651145
dotmatch_naive,synthetic_barcode,200,384,8,1,0.005,0.012734,15706.0,6031097.8,651145
dotmatch_scan,synthetic_barcode,200,384,8,1,0.010,0.012859,15553.3,5972470.6,649266
dotmatch_naive,synthetic_barcode,200,384,8,1,0.010,0.012817,15604.3,5992041.8,649266
dotmatch_scan,synthetic_barcode,200,384,8,1,0.030,0.010555,18948.4,7276172.4,670211
dotmatch_naive,synthetic_barcode,200,384,8,1,0.030,0.008291,24122.5,9263056.3,670211
dotmatch_scan,synthetic_barcode,200,384,8,2,0.000,0.007866,25425.9,9763539.3,685975
dotmatch_naive,synthetic_barcode,200,384,8,2,0.000,0.007485,26720.1,10260521.0,685975
dotmatch_scan,synthetic_barcode,200,384,8,2,0.005,0.007660,26109.7,10026109.7,662935
dotmatch_naive,synthetic_barcode,200,384,8,2,0.005,0.007386,27078.3,10398050.4,662935
dotmatch_scan,synthetic_barcode,200,384,8,2,0.010,0.007738,25846.5,9925045.2,659054
dotmatch_naive,synthetic_barcode,200,384,8,2,0.010,0.007441,26878.1,10321193.4,659054
dotmatch_scan,synthetic_barcode,200,384,8,2,0.030,0.007552,26483.1,10169491.5,662454
dotmatch_naive,synthetic_barcode,200,384,8,2,0.030,0.007480,26738.0,10267379.7,662454
dotmatch_scan,synthetic_barcode,200,384,8,3,0.000,0.007712,25933.6,9958506.2,684168
dotmatch_naive,synthetic_barcode,200,384,8,3,0.000,0.007576,26399.2,10137275.6,684168
dotmatch_scan,synthetic_barcode,200,384,8,3,0.005,0.007585,26367.8,10125247.2,718353
dotmatch_naive,synthetic_barcode,200,384,8,3,0.005,0.007813,25598.4,9829770.9,718353
dotmatch_scan,synthetic_barcode,200,384,8,3,0.010,0.007579,26388.7,10133263.0,691859
dotmatch_naive,synthetic_barcode,200,384,8,3,0.010,0.007750,25806.5,9909677.4,691859
dotmatch_scan,synthetic_barcode,200,384,8,3,0.030,0.007513,26620.5,10222281.4,671036
dotmatch_naive,synthetic_barcode,200,384,8,3,0.030,0.007798,25647.6,9848679.2,671036
dotmatch_scan,synthetic_barcode,200,737,8,0,0.000,0.000408,490196.1,361274516.4,1328751
dotmatch_naive,synthetic_barcode,200,737,8,0,0.000,0.000403,496277.9,365756825.5,1328751
dotmatch_scan,synthetic_barcode,200,737,8,0,0.005,0.000402,497512.4,366666675.3,1213802
dotmatch_naive,synthetic_barcode,200,737,8,0,0.005,0.000402,497512.4,366666662.0,1213802
dotmatch_scan,synthetic_barcode,200,737,8,0,0.010,0.000402,497512.4,366666662.0,1190466
dotmatch_naive,synthetic_barcode,200,737,8,0,0.010,0.000402,497512.4,366666662.0,1190466
dotmatch_scan,synthetic_barcode,200,737,8,0,0.030,0.000402,497512.4,366666675.3,950061
dotmatch_naive,synthetic_barcode,200,737,8,0,0.030,0.000402,497512.4,366666662.0,950061
dotmatch_scan,synthetic_barcode,200,737,8,1,0.000,0.014466,13825.5,10189409.7,1219949
dotmatch_naive,synthetic_barcode,200,737,8,1,0.000,0.014212,14072.6,10371517.0,1219949
dotmatch_scan,synthetic_barcode,200,737,8,1,0.005,0.014092,14192.4,10459835.4,1279556
dotmatch_naive,synthetic_barcode,200,737,8,1,0.005,0.014189,14095.4,10388329.0,1279556
dotmatch_scan,synthetic_barcode,200,737,8,1,0.010,0.014348,13939.2,10273208.8,1303054
dotmatch_naive,synthetic_barcode,200,737,8,1,0.010,0.014308,13978.2,10301929.0,1303054
dotmatch_scan,synthetic_barcode,200,737,8,1,0.030,0.014069,14215.7,10476935.1,1298888
dotmatch_naive,synthetic_barcode,200,737,8,1,0.030,0.014255,14030.2,10340231.5,1298888
dotmatch_scan,synthetic_barcode,200,737,8,2,0.000,0.014394,13894.7,10240377.9,1334478
dotmatch_naive,synthetic_barcode,200,737,8,2,0.000,0.014223,14061.7,10363495.7,1334478
dotmatch_scan,synthetic_barcode,200,737,8,2,0.005,0.014305,13981.1,10304089.5,1252709
dotmatch_naive,synthetic_barcode,200,737,8,2,0.005,0.014403,13886.0,10233979.0,1252709
dotmatch_scan,synthetic_barcode,200,737,8,2,0.010,0.014508,13785.5,10159911.8,1206345
dotmatch_naive,synthetic_barcode,200,737,8,2,0.010,0.014345,13942.1,10275357.3,1206345
dotmatch_scan,synthetic_barcode,200,737,8,2,0.030,0.014471,13820.7,10185889.0,1218212
dotmatch_naive,synthetic_barcode,200,737,8,2,0.030,0.014482,13810.2,10178152.2,1218212
dotmatch_scan,synthetic_barcode,200,737,8,3,0.000,0.014539,13756.1,10138248.9,1370618
dotmatch_naive,synthetic_barcode,200,737,8,3,0.000,0.014557,13739.1,10125712.7,1370618
dotmatch_scan,synthetic_barcode,200,737,8,3,0.005,0.014680,13624.0,10040871.9,1298076
dotmatch_naive,synthetic_barcode,200,737,8,3,0.005,0.014732,13575.9,10005430.4,1298076
dotmatch_scan,synthetic_barcode,200,737,8,3,0.010,0.014641,13660.3,10067618.3,1304177
dotmatch_naive,synthetic_barcode,200,737,8,3,0.010,0.014775,13536.4,9976311.3,1304177
dotmatch_scan,synthetic_barcode,200,737,8,3,0.030,0.014633,13667.7,10073122.4,1193115
dotmatch_naive,synthetic_barcode,200,737,8,3,0.030,0.014726,13581.4,10009507.0,1193115
dotmatch_scan,synthetic_barcode,200,4096,8,0,0.000,0.002265,88300.2,361677703.7,6351117
dotmatch_naive,synthetic_barcode,200,4096,8,0,0.000,0.002295,87146.0,356949891.3,6351117
dotmatch_scan,synthetic_barcode,200,4096,8,0,0.005,0.002223,89968.5,368511020.6,6597408
dotmatch_naive,synthetic_barcode,200,4096,8,0,0.005,0.002220,90090.1,369009009.9,6597408
dotmatch_scan,synthetic_barcode,200,4096,8,0,0.010,0.002219,90130.7,369175303.9,6426010
dotmatch_naive,synthetic_barcode,200,4096,8,0,0.010,0.002391,83647.0,342618151.1,6426010
dotmatch_scan,synthetic_barcode,200,4096,8,0,0.030,0.002344,85324.2,349488055.6,5212286
dotmatch_naive,synthetic_barcode,200,4096,8,0,0.030,0.002266,88261.3,361518091.9,5212286
dotmatch_scan,synthetic_barcode,200,4096,8,1,0.000,0.078434,2549.9,10444450.1,7137219
dotmatch_naive,synthetic_barcode,200,4096,8,1,0.000,0.078797,2538.2,10396334.9,7137219
dotmatch_scan,synthetic_barcode,200,4096,8,1,0.005,0.078961,2532.9,10374742.0,7246021
dotmatch_naive,synthetic_barcode,200,4096,8,1,0.005,0.078910,2534.5,10381447.2,7246021
dotmatch_scan,synthetic_barcode,200,4096,8,1,0.010,0.077870,2568.4,10520097.6,6363766
dotmatch_naive,synthetic_barcode,200,4096,8,1,0.010,0.078113,2560.4,10487370.9,6363766
dotmatch_scan,synthetic_barcode,200,4096,8,1,0.030,0.079143,2527.1,10350883.8,6566235
dotmatch_naive,synthetic_barcode,200,4096,8,1,0.030,0.081046,2467.7,10107840.0,6566235
dotmatch_scan,synthetic_barcode,200,4096,8,2,0.000,0.079479,2516.4,10307125.2,7201668
dotmatch_naive,synthetic_barcode,200,4096,8,2,0.000,0.080852,2473.7,10132093.2,7201668
dotmatch_scan,synthetic_barcode,200,4096,8,2,0.005,0.081011,2468.8,10112207.0,7099994
dotmatch_naive,synthetic_barcode,200,4096,8,2,0.005,0.081023,2468.4,10110709.3,7099994
dotmatch_scan,synthetic_barcode,200,4096,8,2,0.010,0.080936,2471.1,10121577.5,6297387
dotmatch_naive,synthetic_barcode,200,4096,8,2,0.010,0.082778,2416.1,9896349.3,6297387
dotmatch_scan,synthetic_barcode,200,4096,8,2,0.030,0.079599,2512.6,10291586.6,6371124
dotmatch_naive,synthetic_barcode,200,4096,8,2,0.030,0.078918,2534.3,10380394.8,6371124
dotmatch_scan,synthetic_barcode,200,4096,8,3,0.000,0.079780,2506.9,10268237.7,7428618
dotmatch_naive,synthetic_barcode,200,4096,8,3,0.000,0.082457,2425.5,9934875.1,7428618
dotmatch_scan,synthetic_barcode,200,4096,8,3,0.005,0.081842,2443.7,10009530.6,7421059
dotmatch_naive,synthetic_barcode,200,4096,8,3,0.005,0.089231,2241.4,9180665.9,7421059
dotmatch_scan,synthetic_barcode,200,4096,8,3,0.010,0.133714,1495.7,6126508.8,6437123
dotmatch_naive,synthetic_barcode,200,4096,8,3,0.010,0.102274,1955.5,8009855.9,6437123
dotmatch_scan,synthetic_barcode,200,4096,8,3,0.030,0.097596,2049.3,8393786.6,6588877
dotmatch_naive,synthetic_barcode,200,4096,8,3,0.030,0.098941,2021.4,8279681.8,6588877
dotmatch_scan,synthetic_barcode,200,96,12,0,0.000,0.000101,1980197.8,190098986.6,188801
dotmatch_naive,synthetic_barcode,200,96,12,0,0.000,0.000132,1515151.5,145454544.3,188801
dotmatch_scan,synthetic_barcode,200,96,12,0,0.005,0.000103,1941747.6,186407769.7,168448
dotmatch_naive,synthetic_barcode,200,96,12,0,0.005,0.000088,2272727.3,218181816.5,168448
dotmatch_scan,synthetic_barcode,200,96,12,0,0.010,0.000077,2597402.9,249350682.7,163964
dotmatch_naive,synthetic_barcode,200,96,12,0,0.010,0.000078,2564102.7,246153854.7,163964
dotmatch_scan,synthetic_barcode,200,96,12,0,0.030,0.000077,2597402.5,249350635.6,121171
dotmatch_naive,synthetic_barcode,200,96,12,0,0.030,0.000081,2469136.1,237037063.3,121171
dotmatch_scan,synthetic_barcode,200,96,12,1,0.000,0.002982,67069.1,6438631.8,177445
dotmatch_naive,synthetic_barcode,200,96,12,1,0.000,0.002813,71098.5,6825453.3,177445
dotmatch_scan,synthetic_barcode,200,96,12,1,0.005,0.003020,66225.2,6357615.9,181957
dotmatch_naive,synthetic_barcode,200,96,12,1,0.005,0.002772,72150.1,6926406.9,181957
dotmatch_scan,synthetic_barcode,200,96,12,1,0.010,0.002810,71174.4,6832740.2,180331
dotmatch_naive,synthetic_barcode,200,96,12,1,0.010,0.002838,70472.2,6765327.7,180331
dotmatch_scan,synthetic_barcode,200,96,12,1,0.030,0.002881,69420.3,6664352.7,178524
dotmatch_naive,synthetic_barcode,200,96,12,1,0.030,0.002811,71149.1,6830309.5,178524
dotmatch_scan,synthetic_barcode,200,96,12,2,0.000,0.003421,58462.4,5612394.0,182613
dotmatch_naive,synthetic_barcode,200,96,12,2,0.000,0.003149,63512.2,6097173.7,182613
dotmatch_scan,synthetic_barcode,200,96,12,2,0.005,0.003373,59294.4,5692262.1,183539
dotmatch_naive,synthetic_barcode,200,96,12,2,0.005,0.003165,63191.2,6066350.7,183539
dotmatch_scan,synthetic_barcode,200,96,12,2,0.010,0.002692,74294.2,7132243.7,175729
dotmatch_naive,synthetic_barcode,200,96,12,2,0.010,0.002758,72516.3,6961566.3,175729
dotmatch_scan,synthetic_barcode,200,96,12,2,0.030,0.002683,74543.4,7156168.5,181149
dotmatch_naive,synthetic_barcode,200,96,12,2,0.030,0.002731,73233.2,7030391.8,181149
dotmatch_scan,synthetic_barcode,200,96,12,3,0.000,0.002871,69662.1,6687565.3,183866
dotmatch_naive,synthetic_barcode,200,96,12,3,0.000,0.002678,74682.6,7169529.5,183866
dotmatch_scan,synthetic_barcode,200,96,12,3,0.005,0.002674,74794.3,7180254.3,189537
dotmatch_naive,synthetic_barcode,200,96,12,3,0.005,0.002810,71174.4,6832740.2,189537
dotmatch_scan,synthetic_barcode,200,96,12,3,0.010,0.002638,75815.0,7278241.1,167908
dotmatch_naive,synthetic_barcode,200,96,12,3,0.010,0.002703,73991.9,7103218.7,167908
dotmatch_scan,synthetic_barcode,200,96,12,3,0.030,0.002696,74184.0,7121661.7,176229
dotmatch_naive,synthetic_barcode,200,96,12,3,0.030,0.002711,73773.5,7082257.5,176229
dotmatch_scan,synthetic_barcode,200,384,12,0,0.000,0.000271,738007.4,283394836.9,733770
dotmatch_naive,synthetic_barcode,200,384,12,0,0.000,0.000251,796812.7,305976089.6,733770
dotmatch_scan,synthetic_barcode,200,384,12,0,0.005,0.000249,803212.8,308433729.7,682458
dotmatch_naive,synthetic_barcode,200,384,12,0,0.005,0.000256,781250.0,300000000.8,682458
dotmatch_scan,synthetic_barcode,200,384,12,0,0.010,0.000257,778210.1,298832693.6,615318
dotmatch_naive,synthetic_barcode,200,384,12,0,0.010,0.000249,803212.8,308433729.7,615318
dotmatch_scan,synthetic_barcode,200,384,12,0,0.030,0.000256,781250.0,300000000.8,493860
dotmatch_naive,synthetic_barcode,200,384,12,0,0.030,0.000291,687285.2,263917535.4,493860
dotmatch_scan,synthetic_barcode,200,384,12,1,0.000,0.009461,21139.4,8117535.1,665685
dotmatch_naive,synthetic_barcode,200,384,12,1,0.000,0.009725,20565.6,7897172.2,665685
dotmatch_scan,synthetic_barcode,200,384,12,1,0.005,0.009986,20028.0,7690767.1,647563
dotmatch_naive,synthetic_barcode,200,384,12,1,0.005,0.011490,17406.4,6684073.1,647563
dotmatch_scan,synthetic_barcode,200,384,12,1,0.010,0.010959,18249.8,7007938.7,684003
dotmatch_naive,synthetic_barcode,200,384,12,1,0.010,0.009773,20464.5,7858385.3,684003
dotmatch_scan,synthetic_barcode,200,384,12,1,0.030,0.009819,20368.7,7821570.4,624738
dotmatch_naive,synthetic_barcode,200,384,12,1,0.030,0.010881,18380.7,7058174.8,624738
dotmatch_scan,synthetic_barcode,200,384,12,2,0.000,0.011209,17842.8,6851637.1,632920
dotmatch_naive,synthetic_barcode,200,384,12,2,0.000,0.011204,17850.8,6854694.7,632920
dotmatch_scan,synthetic_barcode,200,384,12,2,0.005,0.010844,18443.4,7082257.5,722626
dotmatch_naive,synthetic_barcode,200,384,12,2,0.005,0.011269,17747.8,6815156.6,722626
dotmatch_scan,synthetic_barcode,200,384,12,2,0.010,0.012123,16497.6,6335065.6,717056
dotmatch_naive,synthetic_barcode,200,384,12,2,0.010,0.010983,18210.0,6992625.0,717056
dotmatch_scan,synthetic_barcode,200,384,12,2,0.030,0.010781,18551.2,7123643.5,635820
dotmatch_naive,synthetic_barcode,200,384,12,2,0.030,0.010911,18330.1,7038768.2,635820
dotmatch_scan,synthetic_barcode,200,384,12,3,0.000,0.010843,18445.1,7082910.6,702131
dotmatch_naive,synthetic_barcode,200,384,12,3,0.000,0.010835,18458.7,7088140.3,702131
dotmatch_scan,synthetic_barcode,200,384,12,3,0.005,0.011357,17610.3,6762349.2,622187
dotmatch_naive,synthetic_barcode,200,384,12,3,0.005,0.010692,18705.6,7182940.5,622187
dotmatch_scan,synthetic_barcode,200,384,12,3,0.010,0.010844,18443.4,7082257.5,669112
dotmatch_naive,synthetic_barcode,200,384,12,3,0.010,0.010960,18248.2,7007299.3,669112
dotmatch_scan,synthetic_barcode,200,384,12,3,0.030,0.010704,18684.6,7174887.9,705619
dotmatch_naive,synthetic_barcode,200,384,12,3,0.030,0.010699,18693.3,7178241.0,705619
dotmatch_scan,synthetic_barcode,200,737,12,0,0.000,0.000497,402414.5,296579476.3,1265190
dotmatch_naive,synthetic_barcode,200,737,12,0,0.000,0.000476,420168.1,309663864.8,1265190
dotmatch_scan,synthetic_barcode,200,737,12,0,0.005,0.000485,412371.1,303917527.8,1173906
dotmatch_naive,synthetic_barcode,200,737,12,0,0.005,0.000500,400000.0,294799994.6,1173906
dotmatch_scan,synthetic_barcode,200,737,12,0,0.010,0.000506,395256.9,291304341.4,1124318
dotmatch_naive,synthetic_barcode,200,737,12,0,0.010,0.000515,388349.5,286213588.3,1124318
dotmatch_scan,synthetic_barcode,200,737,12,0,0.030,0.000478,418410.0,308368199.7,815752
dotmatch_naive,synthetic_barcode,200,737,12,0,0.030,0.000479,417536.5,307724429.2,815752
dotmatch_scan,synthetic_barcode,200,737,12,1,0.000,0.018464,10831.9,7983102.3,1329926
dotmatch_naive,synthetic_barcode,200,737,12,1,0.000,0.018608,10748.1,7921324.2,1329926
dotmatch_scan,synthetic_barcode,200,737,12,1,0.005,0.018446,10842.5,7990892.3,1280078
dotmatch_naive,synthetic_barcode,200,737,12,1,0.005,0.018431,10851.3,7997395.7,1280078
dotmatch_scan,synthetic_barcode,200,737,12,1,0.010,0.020853,9590.9,7068527.3,1291612
dotmatch_naive,synthetic_barcode,200,737,12,1,0.010,0.019548,10231.2,7540413.3,1291612
dotmatch_scan,synthetic_barcode,200,737,12,1,0.030,0.018217,10978.8,8091343.2,1190345
dotmatch_naive,synthetic_barcode,200,737,12,1,0.030,0.018449,10840.7,7989592.9,1190345
dotmatch_scan,synthetic_barcode,200,737,12,2,0.000,0.022633,8836.7,6512614.3,1304393
dotmatch_naive,synthetic_barcode,200,737,12,2,0.000,0.022336,8954.2,6599212.0,1304393
dotmatch_scan,synthetic_barcode,200,737,12,2,0.005,0.020566,9724.8,7167169.1,1331586
dotmatch_naive,synthetic_barcode,200,737,12,2,0.005,0.020729,9648.3,7110810.9,1331586
dotmatch_scan,synthetic_barcode,200,737,12,2,0.010,0.020846,9594.2,7070900.9,1313621
dotmatch_naive,synthetic_barcode,200,737,12,2,0.010,0.020645,9687.6,7139743.3,1313621
dotmatch_scan,synthetic_barcode,200,737,12,2,0.030,0.020679,9671.6,7128004.3,1202679
dotmatch_naive,synthetic_barcode,200,737,12,2,0.030,0.020535,9739.5,7177988.8,1202679
dotmatch_scan,synthetic_barcode,200,737,12,3,0.000,0.020942,9550.2,7038487.2,1249692
dotmatch_naive,synthetic_barcode,200,737,12,3,0.000,0.020938,9552.0,7039831.9,1249692
dotmatch_scan,synthetic_barcode,200,737,12,3,0.005,0.020755,9636.2,7101903.2,1239213
dotmatch_naive,synthetic_barcode,200,737,12,3,0.005,0.020747,9639.9,7104641.6,1239213
dotmatch_scan,synthetic_barcode,200,737,12,3,0.010,0.020501,9755.6,7189893.2,1249067
dotmatch_naive,synthetic_barcode,200,737,12,3,0.010,0.020757,9635.3,7101218.9,1249067
dotmatch_scan,synthetic_barcode,200,737,12,3,0.030,0.020791,9619.5,7089606.1,1289159
dotmatch_naive,synthetic_barcode,200,737,12,3,0.030,0.020638,9690.9,7142164.9,1289159
dotmatch_scan,synthetic_barcode,200,4096,12,0,0.000,0.002793,71607.6,293304689.6,7155537
dotmatch_naive,synthetic_barcode,200,4096,12,0,0.000,0.002813,71098.5,291219338.9,7155537
dotmatch_scan,synthetic_barcode,200,4096,12,0,0.005,0.002763,72385.1,296489323.5,7298934
dotmatch_naive,synthetic_barcode,200,4096,12,0,0.005,0.002730,73260.1,300073260.9,7298934
dotmatch_scan,synthetic_barcode,200,4096,12,0,0.010,0.002769,72228.2,295846876.3,6325302
dotmatch_naive,synthetic_barcode,200,4096,12,0,0.010,0.002780,71942.4,294676258.0,6325302
dotmatch_scan,synthetic_barcode,200,4096,12,0,0.030,0.002746,72833.2,298324836.3,4390683
dotmatch_naive,synthetic_barcode,200,4096,12,0,0.030,0.002731,73233.2,299963383.3,4390683
dotmatch_scan,synthetic_barcode,200,4096,12,1,0.000,0.102181,1957.3,8017146.0,6872590
dotmatch_naive,synthetic_barcode,200,4096,12,1,0.000,0.101286,1974.6,8087988.5,6872590
dotmatch_scan,synthetic_barcode,200,4096,12,1,0.005,0.107444,1861.4,7624436.9,6454844
dotmatch_naive,synthetic_barcode,200,4096,12,1,0.005,0.112385,1779.6,7289229.0,6454844
dotmatch_scan,synthetic_barcode,200,4096,12,1,0.010,0.121307,1648.7,6753114.0,7582809
dotmatch_naive,synthetic_barcode,200,4096,12,1,0.010,0.098945,2021.3,8279347.1,7582809
dotmatch_scan,synthetic_barcode,200,4096,12,1,0.030,0.073020,2739.0,11218844.2,6715207
dotmatch_naive,synthetic_barcode,200,4096,12,1,0.030,0.072555,2756.5,11290745.0,6715207
dotmatch_scan,synthetic_barcode,200,4096,12,2,0.000,0.111866,1787.9,7323047.2,6907387
dotmatch_naive,synthetic_barcode,200,4096,12,2,0.000,0.110910,1803.3,7386169.0,6907387
dotmatch_scan,synthetic_barcode,200,4096,12,2,0.005,0.112026,1785.3,7312588.1,6690842
dotmatch_naive,synthetic_barcode,200,4096,12,2,0.005,0.111580,1792.4,7341817.5,6690842
dotmatch_scan,synthetic_barcode,200,4096,12,2,0.010,0.112554,1776.9,7278284.2,6517671
dotmatch_naive,synthetic_barcode,200,4096,12,2,0.010,0.111246,1797.8,7363860.3,6517671
dotmatch_scan,synthetic_barcode,200,4096,12,2,0.030,0.111403,1795.3,7353482.4,6734785
dotmatch_naive,synthetic_barcode,200,4096,12,2,0.030,0.111500,1793.7,7347085.2,6734785
dotmatch_scan,synthetic_barcode,200,4096,12,3,0.000,0.112475,1778.2,7283396.3,7058461
dotmatch_naive,synthetic_barcode,200,4096,12,3,0.000,0.112738,1774.0,7266405.3,7058461
dotmatch_scan,synthetic_barcode,200,4096,12,3,0.005,0.110972,1802.3,7382042.3,6946713
dotmatch_naive,synthetic_barcode,200,4096,12,3,0.005,0.111923,1786.9,7319317.7,6946713
dotmatch_scan,synthetic_barcode,200,4096,12,3,0.010,0.121283,1649.0,6754450.3,6811085
dotmatch_naive,synthetic_barcode,200,4096,12,3,0.010,0.113219,1766.5,7235534.7,6811085
dotmatch_scan,synthetic_barcode,200,4096,12,3,0.030,0.111334,1796.4,7358039.8,6788643
dotmatch_naive,synthetic_barcode,200,4096,12,3,0.030,0.111002,1801.8,7380047.2,6788643
dotmatch_scan,synthetic_barcode,200,96,16,0,0.000,0.000061,3278688.6,314754104.4,176544
dotmatch_naive,synthetic_barcode,200,96,16,0,0.000,0.000058,3448275.6,331034453.7,176544
dotmatch_scan,synthetic_barcode,200,96,16,0,0.005,0.000056,3571428.3,342857115.9,166575
dotmatch_naive,synthetic_barcode,200,96,16,0,0.005,0.000057,3508772.1,336842120.2,166575
dotmatch_scan,synthetic_barcode,200,96,16,0,0.010,0.000057,3508772.1,336842120.2,151198
dotmatch_naive,synthetic_barcode,200,96,16,0,0.010,0.000072,2777778.0,266666684.2,151198
dotmatch_scan,synthetic_barcode,200,96,16,0,0.030,0.000076,2631579.1,252631590.2,111614
dotmatch_naive,synthetic_barcode,200,96,16,0,0.030,0.000065,3076923.1,295384614.6,111614
dotmatch_scan,synthetic_barcode,200,96,16,1,0.000,0.001932,103519.7,9937888.2,174436
dotmatch_naive,synthetic_barcode,200,96,16,1,0.000,0.001924,103950.1,9979210.0,174436
dotmatch_scan,synthetic_barcode,200,96,16,1,0.005,0.001761,113571.8,10902896.0,182682
dotmatch_naive,synthetic_barcode,200,96,16,1,0.005,0.001915,104438.6,10026109.7,182682
dotmatch_scan,synthetic_barcode,200,96,16,1,0.010,0.001814,110253.6,10584344.0,172388
dotmatch_naive,synthetic_barcode,200,96,16,1,0.010,0.001788,111856.8,10738255.0,172388
dotmatch_scan,synthetic_barcode,200,96,16,1,0.030,0.001793,111544.9,10708310.2,163673
dotmatch_naive,synthetic_barcode,200,96,16,1,0.030,0.001789,111794.3,10732252.6,163673
dotmatch_scan,synthetic_barcode,200,96,16,2,0.000,0.003567,56069.5,5382674.5,187339
dotmatch_naive,synthetic_barcode,200,96,16,2,0.000,0.003452,57937.4,5561993.0,187339
dotmatch_scan,synthetic_barcode,200,96,16,2,0.005,0.003555,56258.8,5400843.9,181778
dotmatch_naive,synthetic_barcode,200,96,16,2,0.005,0.003364,59453.0,5707491.1,181778
dotmatch_scan,synthetic_barcode,200,96,16,2,0.010,0.003345,59790.7,5739910.3,185612
dotmatch_naive,synthetic_barcode,200,96,16,2,0.010,0.003559,56195.6,5394773.8,185612
dotmatch_scan,synthetic_barcode,200,96,16,2,0.030,0.003302,60569.4,5814657.8,191566
dotmatch_naive,synthetic_barcode,200,96,16,2,0.030,0.003422,58445.4,5610753.9,191566
dotmatch_scan,synthetic_barcode,200,96,16,3,0.000,0.003305,60514.4,5809379.7,177785
dotmatch_naive,synthetic_barcode,200,96,16,3,0.000,0.003448,58004.6,5568445.5,177785
dotmatch_scan,synthetic_barcode,200,96,16,3,0.005,0.003469,57653.5,5534736.2,183569
dotmatch_naive,synthetic_barcode,200,96,16,3,0.005,0.003303,60551.0,5812897.4,183569
dotmatch_scan,synthetic_barcode,200,96,16,3,0.010,0.003379,59189.1,5682154.5,182421
dotmatch_naive,synthetic_barcode,200,96,16,3,0.010,0.003337,59934.1,5753671.0,182421
dotmatch_scan,synthetic_barcode,200,96,16,3,0.030,0.003429,58326.0,5599300.1,187687
dotmatch_naive,synthetic_barcode,200,96,16,3,0.030,0.003539,56513.1,5425261.4,187687
dotmatch_scan,synthetic_barcode,200,384,16,0,0.000,0.000213,938967.1,360563369.1,686748
dotmatch_naive,synthetic_barcode,200,384,16,0,0.000,0.000213,938967.2,360563393.7,686748
dotmatch_scan,synthetic_barcode,200,384,16,0,0.005,0.000212,943396.2,362264152.6,623373
dotmatch_naive,synthetic_barcode,200,384,16,0,0.005,0.000219,913242.0,350684940.9,623373
dotmatch_scan,synthetic_barcode,200,384,16,0,0.010,0.000212,943396.2,362264152.6,547759
dotmatch_naive,synthetic_barcode,200,384,16,0,0.010,0.000212,943396.2,362264152.6,547759
dotmatch_scan,synthetic_barcode,200,384,16,0,0.030,0.000211,947867.3,363981057.5,464798
dotmatch_naive,synthetic_barcode,200,384,16,0,0.030,0.000212,943396.2,362264152.6,464798
dotmatch_scan,synthetic_barcode,200,384,16,1,0.000,0.006975,28673.8,11010752.7,613359
dotmatch_naive,synthetic_barcode,200,384,16,1,0.000,0.007444,26867.3,10317033.8,613359
dotmatch_scan,synthetic_barcode,200,384,16,1,0.005,0.006990,28612.3,10987124.5,703669
dotmatch_naive,synthetic_barcode,200,384,16,1,0.005,0.007233,27651.0,10618000.8,703669
dotmatch_scan,synthetic_barcode,200,384,16,1,0.010,0.007127,28062.3,10775922.5,675297
dotmatch_naive,synthetic_barcode,200,384,16,1,0.010,0.006960,28735.6,11034482.8,675297
dotmatch_scan,synthetic_barcode,200,384,16,1,0.030,0.007381,27096.6,10405094.2,610921
dotmatch_naive,synthetic_barcode,200,384,16,1,0.030,0.008064,24801.6,9523809.5,610921
dotmatch_scan,synthetic_barcode,200,384,16,2,0.000,0.015441,12952.5,4973771.1,713778
dotmatch_naive,synthetic_barcode,200,384,16,2,0.000,0.015576,12840.3,4930662.6,713778
dotmatch_scan,synthetic_barcode,200,384,16,2,0.005,0.016915,11823.8,4540348.8,669578
dotmatch_naive,synthetic_barcode,200,384,16,2,0.005,0.018796,10640.6,4085975.7,669578
dotmatch_scan,synthetic_barcode,200,384,16,2,0.010,0.019234,10398.3,3992929.2,670001
dotmatch_naive,synthetic_barcode,200,384,16,2,0.010,0.022973,8705.9,3343054.9,670001
dotmatch_scan,synthetic_barcode,200,384,16,2,0.030,0.022966,8708.5,3344073.8,681392
dotmatch_naive,synthetic_barcode,200,384,16,2,0.030,0.022736,8796.6,3377902.9,681392
dotmatch_scan,synthetic_barcode,200,384,16,3,0.000,0.022846,8754.3,3361638.8,747965
dotmatch_naive,synthetic_barcode,200,384,16,3,0.000,0.023042,8679.8,3333044.0,747965
dotmatch_scan,synthetic_barcode,200,384,16,3,0.005,0.022975,8705.1,3342763.9,616667
dotmatch_naive,synthetic_barcode,200,384,16,3,0.005,0.022962,8710.0,3344656.4,616667
dotmatch_scan,synthetic_barcode,200,384,16,3,0.010,0.022399,8929.0,3428724.5,679517
dotmatch_naive,synthetic_barcode,200,384,16,3,0.010,0.021574,9270.4,3559840.5,679517
dotmatch_scan,synthetic_barcode,200,384,16,3,0.030,0.015728,12716.2,4883011.2,670013
dotmatch_naive,synthetic_barcode,200,384,16,3,0.030,0.016874,11852.6,4551380.8,670013
dotmatch_scan,synthetic_barcode,200,737,16,0,0.000,0.000663,301659.1,222322775.6,1341384
dotmatch_naive,synthetic_barcode,200,737,16,0,0.000,0.000664,301204.8,221987949.6,1341384
dotmatch_scan,synthetic_barcode,200,737,16,0,0.005,0.000707,282885.4,208486563.2,1170471
dotmatch_naive,synthetic_barcode,200,737,16,0,0.005,0.000714,280112.0,206442578.7,1170471
dotmatch_scan,synthetic_barcode,200,737,16,0,0.010,0.000712,280898.9,207022469.5,1077842
dotmatch_naive,synthetic_barcode,200,737,16,0,0.010,0.000431,464037.1,341995365.1,1077842
dotmatch_scan,synthetic_barcode,200,737,16,0,0.030,0.000427,468384.1,345199069.9,796294
dotmatch_naive,synthetic_barcode,200,737,16,0,0.030,0.000445,449438.2,331235956.7,796294
dotmatch_scan,synthetic_barcode,200,737,16,1,0.000,0.020471,9769.9,7200429.9,1325047
dotmatch_naive,synthetic_barcode,200,737,16,1,0.000,0.019438,10289.1,7583084.7,1325047
dotmatch_scan,synthetic_barcode,200,737,16,1,0.005,0.019758,10122.5,7460269.3,1258027
dotmatch_naive,synthetic_barcode,200,737,16,1,0.005,0.019867,10066.9,7419338.6,1258027
dotmatch_scan,synthetic_barcode,200,737,16,1,0.010,0.019386,10316.7,7603425.2,1262434
dotmatch_naive,synthetic_barcode,200,737,16,1,0.010,0.019456,10279.6,7576069.1,1262434
dotmatch_scan,synthetic_barcode,200,737,16,1,0.030,0.019544,10233.3,7541956.6,1094561
dotmatch_naive,synthetic_barcode,200,737,16,1,0.030,0.020447,9781.4,7208881.5,1094561
dotmatch_scan,synthetic_barcode,200,737,16,2,0.000,0.026320,7598.8,5600304.0,1301315
dotmatch_naive,synthetic_barcode,200,737,16,2,0.000,0.026809,7460.2,5498153.6,1301315
dotmatch_scan,synthetic_barcode,200,737,16,2,0.005,0.026516,7542.6,5558907.8,1215312
dotmatch_naive,synthetic_barcode,200,737,16,2,0.005,0.026417,7570.9,5579740.3,1215312
dotmatch_scan,synthetic_barcode,200,737,16,2,0.010,0.026966,7416.7,5466142.5,1271768
dotmatch_naive,synthetic_barcode,200,737,16,2,0.010,0.026809,7460.2,5498153.6,1271768
dotmatch_scan,synthetic_barcode,200,737,16,2,0.030,0.026395,7577.2,5584391.0,1291512
dotmatch_naive,synthetic_barcode,200,737,16,2,0.030,0.026523,7540.6,5557440.7,1291512
dotmatch_scan,synthetic_barcode,200,737,16,3,0.000,0.026796,7463.8,5500821.0,1320151
dotmatch_naive,synthetic_barcode,200,737,16,3,0.000,0.026548,7533.5,5552207.3,1320151
dotmatch_scan,synthetic_barcode,200,737,16,3,0.005,0.026473,7554.9,5567937.1,1296709
dotmatch_naive,synthetic_barcode,200,737,16,3,0.005,0.026697,7491.5,5521219.6,1296709
dotmatch_scan,synthetic_barcode,200,737,16,3,0.010,0.026754,7475.5,5509456.5,1287853
dotmatch_naive,synthetic_barcode,200,737,16,3,0.010,0.027828,7187.0,5296823.3,1287853
dotmatch_scan,synthetic_barcode,200,737,16,3,0.030,0.028636,6984.2,5147367.0,1353959
dotmatch_naive,synthetic_barcode,200,737,16,3,0.030,0.030663,6522.5,4807096.5,1353959
dotmatch_scan,synthetic_barcode,200,4096,16,0,0.000,0.002602,76864.0,314834743.3,6940266
dotmatch_naive,synthetic_barcode,200,4096,16,0,0.000,0.002627,76132.5,311838599.8,6940266
dotmatch_scan,synthetic_barcode,200,4096,16,0,0.005,0.002562,78064.0,319750194.1,6913034
dotmatch_naive,synthetic_barcode,200,4096,16,0,0.005,0.002596,77041.6,315562403.0,6913034
dotmatch_scan,synthetic_barcode,200,4096,16,0,0.010,0.002571,77790.7,318630882.4,5989775
dotmatch_naive,synthetic_barcode,200,4096,16,0,0.010,0.002642,75700.2,310068131.1,5989775
dotmatch_scan,synthetic_barcode,200,4096,16,0,0.030,0.002721,73502.4,301065785.0,4264455
dotmatch_naive,synthetic_barcode,200,4096,16,0,0.030,0.002581,77489.3,317396358.8,4264455
dotmatch_scan,synthetic_barcode,200,4096,16,1,0.000,0.115737,1728.1,7078116.8,7207727
dotmatch_naive,synthetic_barcode,200,4096,16,1,0.000,0.122821,1628.4,6669869.2,7207727
dotmatch_scan,synthetic_barcode,200,4096,16,1,0.005,0.114129,1752.4,7177842.6,7271662
dotmatch_naive,synthetic_barcode,200,4096,16,1,0.005,0.120195,1664.0,6815591.3,7271662
dotmatch_scan,synthetic_barcode,200,4096,16,1,0.010,0.130798,1529.1,6263092.7,6681443
dotmatch_naive,synthetic_barcode,200,4096,16,1,0.010,0.118304,1690.6,6924533.4,6681443
dotmatch_scan,synthetic_barcode,200,4096,16,1,0.030,0.123320,1621.8,6642880.3,6404340
dotmatch_naive,synthetic_barcode,200,4096,16,1,0.030,0.112310,1780.8,7294096.7,6404340
dotmatch_scan,synthetic_barcode,200,4096,16,2,0.000,0.146198,1368.0,5603359.8,6916568
dotmatch_naive,synthetic_barcode,200,4096,16,2,0.000,0.143461,1394.1,5710262.7,6916568
dotmatch_scan,synthetic_barcode,200,4096,16,2,0.005,0.143115,1397.5,5724068.1,7652477
dotmatch_naive,synthetic_barcode,200,4096,16,2,0.005,0.143798,1390.8,5696880.3,7652477
dotmatch_scan,synthetic_barcode,200,4096,16,2,0.010,0.143023,1398.4,5727750.1,7118080
dotmatch_naive,synthetic_barcode,200,4096,16,2,0.010,0.142321,1405.3,5756002.3,7118080
dotmatch_scan,synthetic_barcode,200,4096,16,2,0.030,0.140052,1428.0,5849256.0,6965899
dotmatch_naive,synthetic_barcode,200,4096,16,2,0.030,0.142025,1408.2,5767998.6,6965899
dotmatch_scan,synthetic_barcode,200,4096,16,3,0.000,0.143353,1395.2,5714564.7,6988173
dotmatch_naive,synthetic_barcode,200,4096,16,3,0.000,0.142531,1403.2,5747521.6,6988173
dotmatch_scan,synthetic_barcode,200,4096,16,3,0.005,0.143950,1389.4,5690864.9,7193241
dotmatch_naive,synthetic_barcode,200,4096,16,3,0.005,0.143740,1391.4,5699179.1,7193241
dotmatch_scan,synthetic_barcode,200,4096,16,3,0.010,0.143645,1392.3,5702948.2,7515953
dotmatch_naive,synthetic_barcode,200,4096,16,3,0.010,0.144811,1381.1,5657028.8,7515953
dotmatch_scan,synthetic_barcode,200,4096,16,3,0.030,0.148152,1350.0,5529456.2,7102851
dotmatch_naive,synthetic_barcode,200,4096,16,3,0.030,0.204273,979.1,4010319.5,7102851
dotmatch_scan,synthetic_barcode,200,96,24,0,0.000,0.000083,2409638.4,231325283.7,177904
dotmatch_naive,synthetic_barcode,200,96,24,0,0.000,0.000126,1587301.6,152380953.6,177904
dotmatch_scan,synthetic_barcode,200,96,24,0,0.005,0.000066,3030303.3,290909120.7,151588
dotmatch_naive,synthetic_barcode,200,96,24,0,0.005,0.000092,2173913.0,208695647.5,151588
dotmatch_scan,synthetic_barcode,200,96,24,0,0.010,0.000082,2439024.4,234146345.3,152968
dotmatch_naive,synthetic_barcode,200,96,24,0,0.010,0.000084,2380952.4,228571430.4,152968
dotmatch_scan,synthetic_barcode,200,96,24,0,0.030,0.000083,2409638.8,231325324.3,110568
dotmatch_naive,synthetic_barcode,200,96,24,0,0.030,0.000083,2409638.4,231325283.7,110568
dotmatch_scan,synthetic_barcode,200,96,24,1,0.000,0.003329,60078.1,5767497.7,189532
dotmatch_naive,synthetic_barcode,200,96,24,1,0.000,0.003537,56545.1,5428329.1,189532
dotmatch_scan,synthetic_barcode,200,96,24,1,0.005,0.003281,60957.0,5851874.4,191535
dotmatch_naive,synthetic_barcode,200,96,24,1,0.005,0.003254,61462.8,5900430.2,191535
dotmatch_scan,synthetic_barcode,200,96,24,1,0.010,0.003376,59241.7,5687203.8,178319
dotmatch_naive,synthetic_barcode,200,96,24,1,0.010,0.003158,63331.2,6079797.3,178319
dotmatch_scan,synthetic_barcode,200,96,24,1,0.030,0.003465,57720.1,5541125.5,151062
dotmatch_naive,synthetic_barcode,200,96,24,1,0.030,0.003862,51786.6,4971517.4,151062
dotmatch_scan,synthetic_barcode,200,96,24,2,0.000,0.008259,24216.0,2324736.6,182783
dotmatch_naive,synthetic_barcode,200,96,24,2,0.000,0.007595,26333.1,2527978.9,182783
dotmatch_scan,synthetic_barcode,200,96,24,2,0.005,0.008225,24316.1,2334346.5,173058
dotmatch_naive,synthetic_barcode,200,96,24,2,0.005,0.008055,24829.3,2383612.7,173058
dotmatch_scan,synthetic_barcode,200,96,24,2,0.010,0.008660,23094.7,2217090.1,179586
dotmatch_naive,synthetic_barcode,200,96,24,2,0.010,0.007604,26301.9,2524986.8,179586
dotmatch_scan,synthetic_barcode,200,96,24,2,0.030,0.008263,24204.3,2323611.3,179832
dotmatch_naive,synthetic_barcode,200,96,24,2,0.030,0.007711,25937.0,2489949.4,179832
dotmatch_scan,synthetic_barcode,200,96,24,3,0.000,0.007727,25883.3,2484793.6,184058
dotmatch_naive,synthetic_barcode,200,96,24,3,0.000,0.008289,24128.4,2316322.8,184058
dotmatch_scan,synthetic_barcode,200,96,24,3,0.005,0.007670,26075.6,2503259.5,171343
dotmatch_naive,synthetic_barcode,200,96,24,3,0.005,0.007790,25673.9,2464698.3,171343
dotmatch_scan,synthetic_barcode,200,96,24,3,0.010,0.007677,26051.8,2500976.9,181007
dotmatch_naive,synthetic_barcode,200,96,24,3,0.010,0.005782,34590.1,3320650.3,181007
dotmatch_scan,synthetic_barcode,200,96,24,3,0.030,0.004727,42310.1,4061772.8,183866
dotmatch_naive,synthetic_barcode,200,96,24,3,0.030,0.006192,32299.7,3100775.2,183866
dotmatch_scan,synthetic_barcode,200,384,24,0,0.000,0.000247,809716.6,310931169.6,636853
dotmatch_naive,synthetic_barcode,200,384,24,0,0.000,0.000247,809716.6,310931169.6,636853
dotmatch_scan,synthetic_barcode,200,384,24,0,0.005,0.000253,790513.8,303557305.5,604879
dotmatch_naive,synthetic_barcode,200,384,24,0,0.005,0.000271,738007.3,283394821.7,604879
dotmatch_scan,synthetic_barcode,200,384,24,0,0.010,0.000309,647249.2,248543693.0,504144
dotmatch_naive,synthetic_barcode,200,384,24,0,0.010,0.000247,809716.6,310931187.9,504144
dotmatch_scan,synthetic_barcode,200,384,24,0,0.030,0.000518,386100.4,148262548.1,305292
dotmatch_naive,synthetic_barcode,200,384,24,0,0.030,0.000247,809716.6,310931169.6,305292
dotmatch_scan,synthetic_barcode,200,384,24,1,0.000,0.010962,18244.8,7006020.8,678146
dotmatch_naive,synthetic_barcode,200,384,24,1,0.000,0.011723,17060.5,6551224.1,678146
dotmatch_scan,synthetic_barcode,200,384,24,1,0.005,0.011535,17338.5,6657997.4,655708
dotmatch_naive,synthetic_barcode,200,384,24,1,0.005,0.010780,18552.9,7124304.3,655708
dotmatch_scan,synthetic_barcode,200,384,24,1,0.010,0.011461,17450.5,6700986.0,644042
dotmatch_naive,synthetic_barcode,200,384,24,1,0.010,0.011868,16852.0,6471183.0,644042
dotmatch_scan,synthetic_barcode,200,384,24,1,0.030,0.011820,16920.5,6497461.9,538245
dotmatch_naive,synthetic_barcode,200,384,24,1,0.030,0.012237,16343.9,6276048.0,538245
dotmatch_scan,synthetic_barcode,200,384,24,2,0.000,0.022408,8925.4,3427347.4,673913
dotmatch_naive,synthetic_barcode,200,384,24,2,0.000,0.022766,8785.0,3373451.6,673913
dotmatch_scan,synthetic_barcode,200,384,24,2,0.005,0.018902,10580.9,4063062.1,677570
dotmatch_naive,synthetic_barcode,200,384,24,2,0.005,0.019945,10027.6,3850589.1,677570
dotmatch_scan,synthetic_barcode,200,384,24,2,0.010,0.021736,9201.3,3533308.8,710097
dotmatch_naive,synthetic_barcode,200,384,24,2,0.010,0.019433,10291.8,3952040.3,710097
dotmatch_scan,synthetic_barcode,200,384,24,2,0.030,0.019237,10396.6,3992306.5,637856
dotmatch_naive,synthetic_barcode,200,384,24,2,0.030,0.018996,10528.5,4042956.4,637856
dotmatch_scan,synthetic_barcode,200,384,24,3,0.000,0.021549,9281.2,3563970.5,649552
dotmatch_naive,synthetic_barcode,200,384,24,3,0.000,0.019397,10310.9,3959375.2,649552
dotmatch_scan,synthetic_barcode,200,384,24,3,0.005,0.019796,10103.1,3879571.6,680340
dotmatch_naive,synthetic_barcode,200,384,24,3,0.005,0.019335,10343.9,3972071.4,680340
dotmatch_scan,synthetic_barcode,200,384,24,3,0.010,0.018993,10530.2,4043595.0,698536
dotmatch_naive,synthetic_barcode,200,384,24,3,0.010,0.019154,10441.7,4009606.3,698536
dotmatch_scan,synthetic_barcode,200,384,24,3,0.030,0.019058,10494.3,4029803.8,638524
dotmatch_naive,synthetic_barcode,200,384,24,3,0.030,0.019668,10168.8,3904820.0,638524
dotmatch_scan,synthetic_barcode,200,737,24,0,0.000,0.000499,400801.6,295390780.6,1301094
dotmatch_naive,synthetic_barcode,200,737,24,0,0.000,0.000548,364963.5,268978104.0,1301094
dotmatch_scan,synthetic_barcode,200,737,24,0,0.005,0.000520,384615.4,283461537.7,1147612
dotmatch_naive,synthetic_barcode,200,737,24,0,0.005,0.000498,401606.4,295983939.3,1147612
dotmatch_scan,synthetic_barcode,200,737,24,0,0.010,0.000501,399201.6,294211575.5,892728
dotmatch_naive,synthetic_barcode,200,737,24,0,0.010,0.000470,425531.9,313617012.2,892728
dotmatch_scan,synthetic_barcode,200,737,24,0,0.030,0.000469,426439.2,314285710.3,622806
dotmatch_naive,synthetic_barcode,200,737,24,0,0.030,0.000470,425531.9,313617021.9,622806
dotmatch_scan,synthetic_barcode,200,737,24,1,0.000,0.020272,9865.8,7271112.9,1293801
dotmatch_naive,synthetic_barcode,200,737,24,1,0.000,0.020396,9805.8,7226907.2,1293801
dotmatch_scan,synthetic_barcode,200,737,24,1,0.005,0.020920,9560.2,7045889.1,1279415
dotmatch_naive,synthetic_barcode,200,737,24,1,0.005,0.020216,9893.2,7291254.5,1279415
dotmatch_scan,synthetic_barcode,200,737,24,1,0.010,0.019923,10038.6,7398484.2,1168709
dotmatch_naive,synthetic_barcode,200,737,24,1,0.010,0.020220,9891.2,7289812.1,1168709
dotmatch_scan,synthetic_barcode,200,737,24,1,0.030,0.019929,10035.6,7396256.7,1065120
dotmatch_naive,synthetic_barcode,200,737,24,1,0.030,0.020764,9632.1,7098824.9,1065120
dotmatch_scan,synthetic_barcode,200,737,24,2,0.000,0.043374,4611.1,3398349.2,1240115
dotmatch_naive,synthetic_barcode,200,737,24,2,0.000,0.043368,4611.7,3398819.4,1240115
dotmatch_scan,synthetic_barcode,200,737,24,2,0.005,0.044030,4542.4,3347717.5,1229682
dotmatch_naive,synthetic_barcode,200,737,24,2,0.005,0.045898,4357.5,3211468.9,1229682
dotmatch_scan,synthetic_barcode,200,737,24,2,0.010,0.043427,4605.4,3394201.8,1266759
dotmatch_naive,synthetic_barcode,200,737,24,2,0.010,0.043493,4598.4,3389051.1,1266759
dotmatch_scan,synthetic_barcode,200,737,24,2,0.030,0.043618,4585.3,3379338.8,1330665
dotmatch_naive,synthetic_barcode,200,737,24,2,0.030,0.043668,4580.0,3375469.5,1330665
dotmatch_scan,synthetic_barcode,200,737,24,3,0.000,0.043566,4590.7,3383372.4,1262708
dotmatch_naive,synthetic_barcode,200,737,24,3,0.000,0.042821,4670.6,3442236.3,1262708
dotmatch_scan,synthetic_barcode,200,737,24,3,0.005,0.036577,5467.9,4029854.8,1283447
dotmatch_naive,synthetic_barcode,200,737,24,3,0.005,0.036443,5488.0,4044672.5,1283447
dotmatch_scan,synthetic_barcode,200,737,24,3,0.010,0.037059,5396.8,3977441.4,1342090
dotmatch_naive,synthetic_barcode,200,737,24,3,0.010,0.038867,5145.8,3792420.3,1342090
dotmatch_scan,synthetic_barcode,200,737,24,3,0.030,0.038890,5142.7,3790177.4,1328763
dotmatch_naive,synthetic_barcode,200,737,24,3,0.030,0.039080,5117.7,3771750.3,1328763
dotmatch_scan,synthetic_barcode,200,4096,24,0,0.000,0.003113,64246.7,263154513.4,6874442
dotmatch_naive,synthetic_barcode,200,4096,24,0,0.000,0.002760,72463.8,296811593.9,6874442
dotmatch_scan,synthetic_barcode,200,4096,24,0,0.005,0.002745,72859.7,298433514.9,5935581
dotmatch_naive,synthetic_barcode,200,4096,24,0,0.005,0.002830,70671.4,289469964.9,5935581
dotmatch_scan,synthetic_barcode,200,4096,24,0,0.010,0.002755,72595.3,297350272.9,5681507
dotmatch_naive,synthetic_barcode,200,4096,24,0,0.010,0.002752,72674.4,297674418.6,5681507
dotmatch_scan,synthetic_barcode,200,4096,24,0,0.030,0.002771,72176.1,295633345.4,2951870
dotmatch_naive,synthetic_barcode,200,4096,24,0,0.030,0.002865,69808.0,285933682.2,2951870
dotmatch_scan,synthetic_barcode,200,4096,24,1,0.000,0.115828,1726.7,7072555.9,7169902
dotmatch_naive,synthetic_barcode,200,4096,24,1,0.000,0.113520,1761.8,7216349.5,7169902
dotmatch_scan,synthetic_barcode,200,4096,24,1,0.005,0.076804,2604.0,10666111.1,6711808
dotmatch_naive,synthetic_barcode,200,4096,24,1,0.005,0.076414,2617.3,10720548.6,6711808
dotmatch_scan,synthetic_barcode,200,4096,24,1,0.010,0.076538,2613.1,10703180.1,6549708
dotmatch_naive,synthetic_barcode,200,4096,24,1,0.010,0.076711,2607.2,10679042.1,6549708
dotmatch_scan,synthetic_barcode,200,4096,24,1,0.030,0.076827,2603.3,10662918.0,5900435
dotmatch_naive,synthetic_barcode,200,4096,24,1,0.030,0.076933,2599.7,10648226.4,5900435
dotmatch_scan,synthetic_barcode,200,4096,24,2,0.000,0.206922,966.5,3958979.7,6761715
dotmatch_naive,synthetic_barcode,200,4096,24,2,0.000,0.206506,968.5,3966955.0,6761715
dotmatch_scan,synthetic_barcode,200,4096,24,2,0.005,0.204993,975.6,3996234.0,6751624
dotmatch_naive,synthetic_barcode,200,4096,24,2,0.005,0.204699,977.0,4001973.6,6751624
dotmatch_scan,synthetic_barcode,200,4096,24,2,0.010,0.206209,969.9,3972668.5,7097916
dotmatch_naive,synthetic_barcode,200,4096,24,2,0.010,0.206232,969.8,3972225.5,7097916
dotmatch_scan,synthetic_barcode,200,4096,24,2,0.030,0.204948,975.9,3997111.5,7079276
dotmatch_naive,synthetic_barcode,200,4096,24,2,0.030,0.229591,871.1,3568084.1,7079276
dotmatch_scan,synthetic_barcode,200,4096,24,3,0.000,0.300272,666.1,2728193.1,6855657
dotmatch_naive,synthetic_barcode,200,4096,24,3,0.000,0.211393,946.1,3875246.6,6855657
dotmatch_scan,synthetic_barcode,200,4096,24,3,0.005,0.216994,921.7,3775219.6,6666458
dotmatch_naive,synthetic_barcode,200,4096,24,3,0.005,0.311729,641.6,2627923.6,6666458
dotmatch_scan,synthetic_barcode,200,4096,24,3,0.010,0.237681,841.5,3446636.5,7210777
dotmatch_naive,synthetic_barcode,200,4096,24,3,0.010,0.243708,820.7,3361399.7,7210777
dotmatch_scan,synthetic_barcode,200,4096,24,3,0.030,0.241535,828.0,3391641.0,6535985
dotmatch_naive,synthetic_barcode,200,4096,24,3,0.030,0.221439,903.2,3699438.7,6535985
dotmatch_scan,synthetic_barcode,200,96,32,0,0.000,0.000049,4081633.1,391836776.6,179213
dotmatch_naive,synthetic_barcode,200,96,32,0,0.000,0.000049,4081633.1,391836776.6,179213
dotmatch_scan,synthetic_barcode,200,96,32,0,0.005,0.000049,4081631.9,391836660.2,155381
dotmatch_naive,synthetic_barcode,200,96,32,0,0.005,0.000049,4081633.1,391836776.6,155381
dotmatch_scan,synthetic_barcode,200,96,32,0,0.010,0.000048,4166666.5,399999985.9,137337
dotmatch_naive,synthetic_barcode,200,96,32,0,0.010,0.000049,4081633.1,391836776.6,137337
dotmatch_scan,synthetic_barcode,200,96,32,0,0.030,0.000049,4081633.1,391836776.6,73763
dotmatch_naive,synthetic_barcode,200,96,32,0,0.030,0.000049,4081633.1,391836776.6,73763
dotmatch_scan,synthetic_barcode,200,96,32,1,0.000,0.001860,107526.9,10322580.6,177054
dotmatch_naive,synthetic_barcode,200,96,32,1,0.000,0.001926,103842.2,9968847.3,177054
dotmatch_scan,synthetic_barcode,200,96,32,1,0.005,0.002024,98814.2,9486166.0,185407
dotmatch_naive,synthetic_barcode,200,96,32,1,0.005,0.001927,103788.3,9963674.1,185407
dotmatch_scan,synthetic_barcode,200,96,32,1,0.010,0.001851,108049.7,10372771.4,183900
dotmatch_naive,synthetic_barcode,200,96,32,1,0.010,0.001881,106326.4,10207336.6,183900
dotmatch_scan,synthetic_barcode,200,96,32,1,0.030,0.001837,108873.2,10451823.6,121449
dotmatch_naive,synthetic_barcode,200,96,32,1,0.030,0.001807,110680.7,10625345.9,121449
dotmatch_scan,synthetic_barcode,200,96,32,2,0.000,0.006369,31402.1,3014602.0,191249
dotmatch_naive,synthetic_barcode,200,96,32,2,0.000,0.006366,31416.9,3016022.6,191249
dotmatch_scan,synthetic_barcode,200,96,32,2,0.005,0.006176,32383.4,3108808.3,190641
dotmatch_naive,synthetic_barcode,200,96,32,2,0.005,0.006536,30599.8,2937576.5,190641
dotmatch_scan,synthetic_barcode,200,96,32,2,0.010,0.006205,32232.1,3094278.8,174776
dotmatch_naive,synthetic_barcode,200,96,32,2,0.010,0.006107,32749.3,3143933.2,174776
dotmatch_scan,synthetic_barcode,200,96,32,2,0.030,0.006550,30534.4,2931297.7,191082
dotmatch_naive,synthetic_barcode,200,96,32,2,0.030,0.006220,32154.3,3086816.7,191082
dotmatch_scan,synthetic_barcode,200,96,32,3,0.000,0.006484,30845.2,2961135.1,184364
dotmatch_naive,synthetic_barcode,200,96,32,3,0.000,0.006186,32331.1,3103782.7,184364
dotmatch_scan,synthetic_barcode,200,96,32,3,0.005,0.006131,32621.1,3131626.2,174730
dotmatch_naive,synthetic_barcode,200,96,32,3,0.005,0.006356,31466.3,3020767.8,174730
dotmatch_scan,synthetic_barcode,200,96,32,3,0.010,0.006169,32420.2,3112335.9,185409
dotmatch_naive,synthetic_barcode,200,96,32,3,0.010,0.006176,32383.4,3108808.3,185409
dotmatch_scan,synthetic_barcode,200,96,32,3,0.030,0.006412,31191.5,2994385.5,182351
dotmatch_naive,synthetic_barcode,200,96,32,3,0.030,0.006208,32216.5,3092783.5,182351
dotmatch_scan,synthetic_barcode,200,384,32,0,0.000,0.000179,1117318.5,429050291.0,669323
dotmatch_naive,synthetic_barcode,200,384,32,0,0.000,0.000179,1117318.4,429050256.2,669323
dotmatch_scan,synthetic_barcode,200,384,32,0,0.005,0.000178,1123595.5,431460669.2,600155
dotmatch_naive,synthetic_barcode,200,384,32,0,0.005,0.000179,1117318.5,429050291.0,600155
dotmatch_scan,synthetic_barcode,200,384,32,0,0.010,0.000178,1123595.5,431460669.2,467157
dotmatch_naive,synthetic_barcode,200,384,32,0,0.010,0.000180,1111111.1,426666660.2,467157
dotmatch_scan,synthetic_barcode,200,384,32,0,0.030,0.000178,1123595.5,431460669.2,268896
dotmatch_naive,synthetic_barcode,200,384,32,0,0.030,0.000179,1117318.5,429050291.0,268896
dotmatch_scan,synthetic_barcode,200,384,32,1,0.000,0.007281,27468.8,10548001.7,713421
dotmatch_naive,synthetic_barcode,200,384,32,1,0.000,0.007122,28082.0,10783487.8,713421
dotmatch_scan,synthetic_barcode,200,384,32,1,0.005,0.007340,27248.0,10463215.2,632018
dotmatch_naive,synthetic_barcode,200,384,32,1,0.005,0.007092,28200.8,10829103.2,632018
dotmatch_scan,synthetic_barcode,200,384,32,1,0.010,0.007335,27266.5,10470347.6,613592
dotmatch_naive,synthetic_barcode,200,384,32,1,0.010,0.007129,28054.4,10772899.4,613592
dotmatch_scan,synthetic_barcode,200,384,32,1,0.030,0.007028,28457.6,10927717.7,511321
dotmatch_naive,synthetic_barcode,200,384,32,1,0.030,0.007455,26827.6,10301810.8,511321
dotmatch_scan,synthetic_barcode,200,384,32,2,0.000,0.024862,8044.4,3089051.6,680492
dotmatch_naive,synthetic_barcode,200,384,32,2,0.000,0.025226,7928.3,3044477.9,680492
dotmatch_scan,synthetic_barcode,200,384,32,2,0.005,0.025056,7982.1,3065134.1,716736
dotmatch_naive,synthetic_barcode,200,384,32,2,0.005,0.025086,7972.6,3061468.5,716736
dotmatch_scan,synthetic_barcode,200,384,32,2,0.010,0.025055,7982.4,3065256.4,681766
dotmatch_naive,synthetic_barcode,200,384,32,2,0.010,0.025375,7881.8,3026601.0,681766
dotmatch_scan,synthetic_barcode,200,384,32,2,0.030,0.024874,8040.5,3087561.3,621073
dotmatch_naive,synthetic_barcode,200,384,32,2,0.030,0.025148,7952.9,3053920.8,621073
dotmatch_scan,synthetic_barcode,200,384,32,3,0.000,0.025170,7946.0,3051251.5,659548
dotmatch_naive,synthetic_barcode,200,384,32,3,0.000,0.025603,7811.6,2999648.5,659548
dotmatch_scan,synthetic_barcode,200,384,32,3,0.005,0.025264,7916.4,3039898.7,665144
dotmatch_naive,synthetic_barcode,200,384,32,3,0.005,0.025342,7892.0,3030542.2,665144
dotmatch_scan,synthetic_barcode,200,384,32,3,0.010,0.024496,8164.6,3135205.7,700981
dotmatch_naive,synthetic_barcode,200,384,32,3,0.010,0.025099,7968.4,3059882.9,700981
dotmatch_scan,synthetic_barcode,200,384,32,3,0.030,0.025053,7983.1,3065501.1,709089
dotmatch_naive,synthetic_barcode,200,384,32,3,0.030,0.025274,7913.3,3038695.9,709089
dotmatch_scan,synthetic_barcode,200,737,32,0,0.000,0.000407,491400.5,362162162.6,1291438
dotmatch_naive,synthetic_barcode,200,737,32,0,0.000,0.000340,588235.3,433529413.4,1291438
dotmatch_scan,synthetic_barcode,200,737,32,0,0.005,0.000338,591716.0,436094677.1,1013598
dotmatch_naive,synthetic_barcode,200,737,32,0,0.005,0.000339,589970.5,434808252.4,1013598
dotmatch_scan,synthetic_barcode,200,737,32,0,0.010,0.000337,593471.8,437388736.5,903544
dotmatch_naive,synthetic_barcode,200,737,32,0,0.010,0.000338,591716.0,436094677.1,903544
dotmatch_scan,synthetic_barcode,200,737,32,0,0.030,0.000338,591716.0,436094677.1,617058
dotmatch_naive,synthetic_barcode,200,737,32,0,0.030,0.000338,591716.0,436094677.1,617058
dotmatch_scan,synthetic_barcode,200,737,32,1,0.000,0.013942,14345.1,10572371.3,1294923
dotmatch_naive,synthetic_barcode,200,737,32,1,0.000,0.013789,14504.3,10689680.2,1294923
dotmatch_scan,synthetic_barcode,200,737,32,1,0.005,0.014019,14266.4,10514302.0,1383406
dotmatch_naive,synthetic_barcode,200,737,32,1,0.005,0.013799,14493.8,10681933.5,1383406
dotmatch_scan,synthetic_barcode,200,737,32,1,0.010,0.013863,14426.9,10632619.2,1163612
dotmatch_naive,synthetic_barcode,200,737,32,1,0.010,0.013973,14313.3,10548915.8,1163612
dotmatch_scan,synthetic_barcode,200,737,32,1,0.030,0.013990,14295.9,10536097.2,880176
dotmatch_naive,synthetic_barcode,200,737,32,1,0.030,0.014038,14247.0,10500071.2,880176
dotmatch_scan,synthetic_barcode,200,737,32,2,0.000,0.048043,4162.9,3068084.8,1210705
dotmatch_naive,synthetic_barcode,200,737,32,2,0.000,0.048754,4102.2,3023341.7,1210705
dotmatch_scan,synthetic_barcode,200,737,32,2,0.005,0.049030,4079.1,3006322.7,1252330
dotmatch_naive,synthetic_barcode,200,737,32,2,0.005,0.048440,4128.8,3042939.7,1252330
dotmatch_scan,synthetic_barcode,200,737,32,2,0.010,0.047650,4197.3,3093389.3,1216241
dotmatch_naive,synthetic_barcode,200,737,32,2,0.010,0.047920,4173.6,3075959.9,1216241
dotmatch_scan,synthetic_barcode,200,737,32,2,0.030,0.047788,4185.2,3084456.3,1249514
dotmatch_naive,synthetic_barcode,200,737,32,2,0.030,0.048225,4147.2,3056506.0,1249514
dotmatch_scan,synthetic_barcode,200,737,32,3,0.000,0.048784,4099.7,3021482.5,1332493
dotmatch_naive,synthetic_barcode,200,737,32,3,0.000,0.049481,4042.0,2978921.2,1332493
dotmatch_scan,synthetic_barcode,200,737,32,3,0.005,0.048774,4100.5,3022101.9,1207715
dotmatch_naive,synthetic_barcode,200,737,32,3,0.005,0.048170,4152.0,3059995.8,1207715
dotmatch_scan,synthetic_barcode,200,737,32,3,0.010,0.059803,3344.3,2464759.3,1331095
dotmatch_naive,synthetic_barcode,200,737,32,3,0.010,0.052460,3812.4,2809759.8,1331095
dotmatch_scan,synthetic_barcode,200,737,32,3,0.030,0.069119,2893.6,2132554.0,1344184
dotmatch_naive,synthetic_barcode,200,737,32,3,0.030,0.063175,3165.8,2333201.4,1344184
dotmatch_scan,synthetic_barcode,200,4096,32,0,0.000,0.003811,52479.7,214956704.1,7241115
dotmatch_naive,synthetic_barcode,200,4096,32,0,0.000,0.002596,77041.6,315562404.8,7241115
dotmatch_scan,synthetic_barcode,200,4096,32,0,0.005,0.002494,80192.5,328468323.9,5814574
dotmatch_naive,synthetic_barcode,200,4096,32,0,0.005,0.002238,89365.5,366041108.0,5814574
dotmatch_scan,synthetic_barcode,200,4096,32,0,0.010,0.002499,80032.0,327811125.1,5021947
dotmatch_naive,synthetic_barcode,200,4096,32,0,0.010,0.002721,73502.4,301065785.0,5021947
dotmatch_scan,synthetic_barcode,200,4096,32,0,0.030,0.002312,86505.2,354325257.8,2863254
dotmatch_naive,synthetic_barcode,200,4096,32,0,0.030,0.002233,89565.6,366860726.8,2863254
dotmatch_scan,synthetic_barcode,200,4096,32,1,0.000,0.094442,2117.7,8674106.9,7144521
dotmatch_naive,synthetic_barcode,200,4096,32,1,0.000,0.080826,2474.5,10135352.5,7144521
dotmatch_scan,synthetic_barcode,200,4096,32,1,0.005,0.079671,2510.3,10282285.9,7206794
dotmatch_naive,synthetic_barcode,200,4096,32,1,0.005,0.080924,2471.5,10123078.4,7206794
dotmatch_scan,synthetic_barcode,200,4096,32,1,0.010,0.083572,2393.1,9802326.1,7165042
dotmatch_naive,synthetic_barcode,200,4096,32,1,0.010,0.078798,2538.1,10396202.9,7165042
dotmatch_scan,synthetic_barcode,200,4096,32,1,0.030,0.080084,2497.4,10229259.3,5674447
dotmatch_naive,synthetic_barcode,200,4096,32,1,0.030,0.093809,2132.0,8732637.6,5674447
dotmatch_scan,synthetic_barcode,200,4096,32,2,0.000,0.338704,590.5,2418631.0,6553839
dotmatch_naive,synthetic_barcode,200,4096,32,2,0.000,0.347393,575.7,2358136.2,6553839
dotmatch_scan,synthetic_barcode,200,4096,32,2,0.005,0.409880,487.9,1998633.7,7269390
dotmatch_naive,synthetic_barcode,200,4096,32,2,0.005,0.328339,609.1,2494982.3,7269390
dotmatch_scan,synthetic_barcode,200,4096,32,2,0.010,0.271229,737.4,3020326.0,7146005
dotmatch_naive,synthetic_barcode,200,4096,32,2,0.010,0.268379,745.2,3052399.8,7146005
dotmatch_scan,synthetic_barcode,200,4096,32,2,0.030,0.265822,752.4,3081761.5,5932847
dotmatch_naive,synthetic_barcode,200,4096,32,2,0.030,0.266314,751.0,3076068.1,5932847
dotmatch_scan,synthetic_barcode,200,4096,32,3,0.000,0.267470,747.7,3062773.4,6776233
dotmatch_naive,synthetic_barcode,200,4096,32,3,0.000,0.267082,748.8,3067222.8,6776233
dotmatch_scan,synthetic_barcode,200,4096,32,3,0.005,0.264525,756.1,3096871.8,6678483
dotmatch_naive,synthetic_barcode,200,4096,32,3,0.005,0.265633,752.9,3083954.2,6678483
dotmatch_scan,synthetic_barcode,200,4096,32,3,0.010,0.267020,749.0,3067935.0,6797939
dotmatch_naive,synthetic_barcode,200,4096,32,3,0.010,0.267749,747.0,3059581.9,6797939
dotmatch_scan,synthetic_barcode,200,4096,32,3,0.030,0.269766,741.4,3036705.9,7058237
dotmatch_naive,synthetic_barcode,200,4096,32,3,0.030,0.283438,705.6,2890226.4,7058237
